part_id,part_description,supplier_name,plant_location,category,material_type,material_grade,unit_weight_kg,annual_volume,unit_price_local,currency,fiscal_year,description_bin,spend,per_kg_price,material_grade_clean,price_low_per_kg,price_base_per_kg,price_high_per_kg,confidence,source,material_cost_low,material_cost_base,material_cost_high
PART-0034,B-Pillar Reinforcement,Vindhya Metal Works,Chennai,Reinforcements,Steel,IF Steel,0.697,36000,79.56,INR,FY26,Pillar,2864160.0,114.14634146341464,IF Steel,60,66.0,72,Medium,IndiaMART,41.82,46.001999999999995,50.184
PART-0199,Suspension Mount Plate,Rhein Metall Components GmbH,Stuttgart,Brackets & Mounts,Steel,DP780,1.05,42000,7.85,INR,FY26,Mount,329700.0,7.476190476190475,DP780,75,81.5,88,Medium,IndiaMART / market benchmark,78.75,85.575,92.4
PART-0060,Clip Retainer Plate,Ganga Auto Forgings,Pantnagar,Fasteners,Steel,cr3,1.133,18000,108.0,INR,FY26,Plate,1944000.0,95.32215357458075,CR-3,62,69.5,77,Medium,IndiaMART,70.246,78.7435,87.241
PART-0032,Bumper Reinforcement Beam,Bharat Precision Stampings,Gurugram,Reinforcements,Steel,CR-3,0.602,12000,51.88,INR,FY26,Beam,622560.0,86.17940199335548,CR-3,62,69.5,77,Medium,IndiaMART,37.324,41.839,46.354
PART-0021,Suspension Mount Plate,Om Precision Tools,Chennai,Brackets & Mounts,Steel,HSLA 340,0.912,5000,101.47,INR,FY26,Mount,507350.0,111.2609649122807,HSLA340,68,74.5,81,Medium,IndiaMART,62.016000000000005,67.944,73.872
PART-0108,Exhaust Hanger Bracket,Suresh Auto Components,Sanand,Brackets & Mounts,Steel,dp600,1.547,12000,181.53,INR,FY26,Bracket,2178360.0,117.34324499030382,DP600,72,77.0,82,Low-Medium,IndiaMART / market benchmark,111.384,119.119,126.854
PART-0087,Suspension Mount Plate,Vindhya Metal Works,Pantnagar,Brackets & Mounts,Steel,DP780,1.582,24000,137.68,INR,FY26,Mount,3304320.0,87.0290771175727,DP780,75,81.5,88,Medium,IndiaMART / market benchmark,118.65,128.933,139.216
PART-0029,Weld Nut Assembly,Anand Sheet Metal Ltd,Chakan,Fasteners,Steel,DP 600,0.957,5000,91.5,INR,FY26,Nut,457500.0,95.61128526645768,DP600,72,77.0,82,Low-Medium,IndiaMART / market benchmark,68.904,73.689,78.474
PART-0042,Engine Mount Bracket,Bharat Precision Stampings,Pune,Brackets & Mounts,Steel,DP600,0.82,120000,145.0,INR,FY26,Mount,17400000.0,176.82926829268294,DP600,72,77.0,82,Low-Medium,IndiaMART / market benchmark,59.04,63.13999999999999,67.24
PART-0027,Cross Member Mount,Shivam Forge Pvt Ltd,Pune,Brackets & Mounts,Steel,if steel,3.195,5000,197.55,INR,FY26,Mount,987750.0,61.83098591549297,IF Steel,60,66.0,72,Medium,IndiaMART,191.7,210.86999999999998,230.04
PART-0070,Cross Member Mount,Om Precision Tools,Gurugram,Brackets & Mounts,Steel,CR-3,0.334,5000,43.3,INR,FY26,Mount,216500.0,129.64071856287424,CR-3,62,69.5,77,Medium,IndiaMART,20.708000000000002,23.213,25.718
PART-0091,Chassis Mount Bracket,Suresh Auto Components,Pantnagar,Brackets & Mounts,Steel,CR3,0.858,150000,69.84,INR,FY26,Mount,10476000.0,81.3986013986014,CR-3,62,69.5,77,Medium,IndiaMART,53.196,59.631,66.066
PART-0050,Clip Retainer Plate,Ganga Auto Forgings,Pune,Fasteners,Steel,HSLA 340,2.448,48000,218.05,INR,FY26,Plate,10466400.0,89.07271241830065,HSLA340,68,74.5,81,Medium,IndiaMART,166.464,182.376,198.28799999999998
PART-0040,Cross Member Mount,Om Precision Tools,Chakan,Brackets & Mounts,Steel,hsla340,0.538,48000,62.17,INR,FY26,Mount,2984160.0,115.55762081784387,HSLA340,68,74.5,81,Medium,IndiaMART,36.584,40.081,43.578
PART-0067,Sill Reinforcement Plate,Shivam Forge Pvt Ltd,Pune,Reinforcements,Steel,cr3,1.582,60000,147.36,INR,FY26,Plate,8841600.0,93.14791403286979,CR-3,62,69.5,77,Medium,IndiaMART,98.084,109.949,121.81400000000001
PART-0103,Roof Rail Reinforcement,Shivam Forge Pvt Ltd,Chakan,Rail,Steel,hsla340,2.9,150000,220.04,INR,FY26,Rail,33006000.0,75.87586206896552,HSLA340,68,74.5,81,Medium,IndiaMART,197.2,216.04999999999998,234.9
PART-0057,Fastener Bracket Set,Om Precision Tools,Pantnagar,Fasteners,Steel,DP780,1.956,150000,155.98,INR,FY26,Bracket,23397000.0,79.74437627811861,DP780,75,81.5,88,Medium,IndiaMART / market benchmark,146.7,159.414,172.128
PART-0026,Chassis Mount Bracket,Kalyani Stamping Co,Gurugram,Brackets & Mounts,Steel,dp780,2.334,18000,162.75,INR,FY26,Mount,2929500.0,69.73007712082261,DP780,75,81.5,88,Medium,IndiaMART / market benchmark,175.05,190.221,205.392
PART-0089,Door Reinforcement Panel,Om Precision Tools,Pune,Body Panels,Steel,DP-600,0.657,24000,66.49,INR,FY26,Panel,1595759.9999999998,101.20243531202433,DP600,72,77.0,82,Low-Medium,IndiaMART / market benchmark,47.304,50.589,53.874
PART-0003,Sill Reinforcement Plate,Anand Sheet Metal Ltd,Pune,Reinforcements,Steel,dp780,1.439,24000,126.6,INR,FY26,Plate,3038400.0,87.97776233495482,DP780,75,81.5,88,Medium,IndiaMART / market benchmark,107.92500000000001,117.27850000000001,126.632
PART-0072,Roof Rail Reinforcement,Anand Sheet Metal Ltd,Chakan,Rail,Steel,IF Steel,2.247,24000,221.27,INR,FY26,Rail,5310480.0,98.4735202492212,IF Steel,60,66.0,72,Medium,IndiaMART,134.82,148.302,161.784
PART-0022,Steering Column Bracket,Bharat Precision Stampings,Pune,Brackets & Mounts,Steel,DP780,1.39,60000,107.37,INR,FY26,Bracket,6442200.0,77.24460431654677,DP780,75,81.5,88,Medium,IndiaMART / market benchmark,104.24999999999999,113.285,122.32
PART-0062,Rear Quarter Panel,Anand Sheet Metal Ltd,Sanand,Body Panels,Steel,DP 600,0.411,48000,62.17,INR,FY26,Panel,2984160.0,151.26520681265208,DP600,72,77.0,82,Low-Medium,IndiaMART / market benchmark,29.592,31.647,33.702
PART-0005,Clip Retainer Plate,Kalyani Stamping Co,Sanand,Plate,Steel,dp780,0.362,150000,38.34,INR,FY26,Plate,5751000.000000001,105.91160220994476,DP780,75,81.5,88,Medium,IndiaMART / market benchmark,27.15,29.503,31.855999999999998
PART-0006,Exhaust Hanger Bracket,Anand Sheet Metal Ltd,Pantnagar,Brackets & Mounts,Steel,HSLA340,1.279,18000,134.19,INR,FY26,Bracket,2415420.0,104.9179046129789,HSLA340,68,74.5,81,Medium,IndiaMART,86.972,95.2855,103.59899999999999
PART-0001,Engine Mount Bracket,Anand Sheet Metal Ltd,Chennai,Brackets & Mounts,Steel,DP780,2.396,150000,226.85,INR,FY26,Mount,34027500.0,94.67863105175292,DP780,75,81.5,88,Medium,IndiaMART / market benchmark,179.7,195.274,210.84799999999998
PART-0066,Transmission Support Bracket,Anand Sheet Metal Ltd,Chennai,Brackets & Mounts,Steel,HSLA340,1.072,90000,70.98,INR,FY26,Bracket,6388200.0,66.21268656716418,HSLA340,68,74.5,81,Medium,IndiaMART,72.896,79.864,86.83200000000001
PART-0109,Battery Tray Bracket,Om Precision Tools,Pune,Brackets & Mounts,Steel,HSLA340,0.734,36000,66.38,INR,FY26,Bracket,2389680.0,90.43596730245231,HSLA340,68,74.5,81,Medium,IndiaMART,49.912,54.683,59.454
PART-0051,Sill Reinforcement Plate,Suresh Auto Components,Gurugram,Reinforcements,Steel,IF steel,0.239,36000,52.47,INR,FY26,Plate,1888920.0,219.5397489539749,IF Steel,60,66.0,72,Medium,IndiaMART,14.34,15.774,17.208
PART-0025,Transmission Support Bracket,Shivam Forge Pvt Ltd,Sanand,Brackets & Mounts,Steel,DP 600,1.382,120000,115.43,INR,FY26,Bracket,13851600.0,83.52387843704777,DP600,72,77.0,82,Low-Medium,IndiaMART / market benchmark,99.50399999999999,106.41399999999999,113.324
PART-0104,Suspension Mount Plate,Suresh Auto Components,Chakan,Brackets & Mounts,Steel,CR3,0.304,36000,29.09,INR,FY26,Mount,1047240.0,95.69078947368422,CR-3,62,69.5,77,Medium,IndiaMART,18.848,21.128,23.407999999999998
PART-0035,Roof Rail Reinforcement,Vindhya Metal Works,Chakan,Rail,Steel,DP-600,2.81,60000,213.13,INR,FY26,Rail,12787800.0,75.84697508896797,DP600,72,77.0,82,Low-Medium,IndiaMART / market benchmark,202.32,216.37,230.42000000000002
PART-0074,Fastener Bracket Set,Anand Sheet Metal Ltd,Pantnagar,Fasteners,Steel,DP-600,2.25,48000,231.11,INR,FY26,Bracket,11093280.0,102.71555555555557,DP600,72,77.0,82,Low-Medium,IndiaMART / market benchmark,162.0,173.25,184.5
PART-0110,Door Reinforcement Panel,Kalyani Stamping Co,Chakan,Body Panels,Steel,HSLA340,0.734,36000,66.38,INR,FY26,Panel,2389680.0,90.43596730245231,HSLA340,68,74.5,81,Medium,IndiaMART,49.912,54.683,59.454
PART-0042,Engine Mount Bracket ,Shivam Forge Pvt Ltd,Chakan,Brackets & Mounts,Steel,DP 600,0.82,15000,340.0,INR,FY26,Mount,5100000.0,414.63414634146346,DP600,72,77.0,82,Low-Medium,IndiaMART / market benchmark,59.04,63.13999999999999,67.24
PART-0002,Engine Mount Bracket,Shivam Forge Pvt Ltd,Chennai,Brackets & Mounts,Steel,dp780,1.986,90000,152.77,INR,FY26,Mount,13749300.0,76.92346424974825,DP780,75,81.5,88,Medium,IndiaMART / market benchmark,148.95,161.859,174.768
PART-0106,B-Pillar Reinforcement,Anand Sheet Metal Ltd,Chennai,Reinforcements,Steel,DP600,0.552,36000,61.13,INR,FY26,Pillar,2200680.0,110.7427536231884,DP600,72,77.0,82,Low-Medium,IndiaMART / market benchmark,39.744,42.504000000000005,45.264
PART-0045,Engine Mount Bracket,Om Precision Tools,Chennai,Mount,Steel,dp780,1.73,24000,167.89,INR,FY26,Mount,4029359.9999999995,97.04624277456647,DP780,75,81.5,88,Medium,IndiaMART / market benchmark,129.75,140.995,152.24
PART-0094,Cross Member Mount,Bharat Precision Stampings,Sanand,Brackets & Mounts,Steel,DP-600,2.69,24000,244.47,INR,FY26,Mount,5867280.0,90.88104089219331,DP600,72,77.0,82,Low-Medium,IndiaMART / market benchmark,193.68,207.13,220.57999999999998
PART-0096,Clip Retainer Plate,Vindhya Metal Works,Pune,Fasteners,Steel,HSLA 340,2.43,12000,185.7,INR,FY26,Plate,2228400.0,76.41975308641975,HSLA340,68,74.5,81,Medium,IndiaMART,165.24,181.03500000000003,196.83
PART-0086,Sill Reinforcement Plate,Bharat Precision Stampings,Chennai,Reinforcements,Steel,CR-3,1.163,5000,125.04,INR,FY26,Plate,625200.0,107.51504729148753,CR-3,62,69.5,77,Medium,IndiaMART,72.10600000000001,80.8285,89.551
PART-0018,Weld Nut Assembly,Bharat Precision Stampings,Pune,Fasteners,Steel,DP 600,0.356,48000,33.92,INR,FY26,Nut,1628160.0,95.2808988764045,DP600,72,77.0,82,Low-Medium,IndiaMART / market benchmark,25.631999999999998,27.412,29.192
PART-0069,Floor Panel Inner,Suresh Auto Components,Pune,Body Panels,Steel,cr3,1.999,120000,151.28,INR,FY26,Panel,18153600.0,75.67783891945973,CR-3,62,69.5,77,Medium,IndiaMART,123.938,138.9305,153.923
PART-0024,Radiator Support Bracket,Bharat Precision Stampings,Chakan,Brackets & Mounts,Steel,HSLA340,0.303,60000,57.6,INR,FY26,Bracket,3456000.0,190.0990099009901,HSLA340,68,74.5,81,Medium,IndiaMART,20.604,22.5735,24.543
PART-0112,Cross Member Mount,Vindhya Metal Works,Gurugram,Brackets & Mounts,Steel,HSLA340,0.734,60000,66.38,INR,FY26,Mount,3982799.9999999995,90.43596730245231,HSLA340,68,74.5,81,Medium,IndiaMART,49.912,54.683,59.454
PART-0063,Cross Member Mount,Bharat Precision Stampings,Pune,Brackets & Mounts,Steel,HSLA340,1.383,18000,118.36,INR,FY26,Mount,2130480.0,85.5820679681851,HSLA340,68,74.5,81,Medium,IndiaMART,94.044,103.0335,112.023
PART-0064,Clip Retainer Plate,Om Precision Tools,Chakan,Plate,Steel,cr3,1.223,60000,94.32,INR,FY26,Plate,5659200.0,77.12183156173343,CR-3,62,69.5,77,Medium,IndiaMART,75.82600000000001,84.9985,94.171
PART-0099,Rear Quarter Panel,Om Precision Tools,Chakan,Body Panels,Steel,HSLA340,2.208,60000,159.6,INR,FY26,Panel,9576000.0,72.28260869565217,HSLA340,68,74.5,81,Medium,IndiaMART,150.144,164.496,178.848
PART-0031,Roof Rail Reinforcement,Vindhya Metal Works,Chakan,Rail,Steel,if steel,2.302,90000,135.13,INR,FY26,Rail,12161700.0,58.701129452649866,IF Steel,60,66.0,72,Medium,IndiaMART,138.12,151.93200000000002,165.744
PART-0107,Roof Rail Reinforcement,Bharat Precision Stampings,Chennai,Rail,Steel,if steel,0.497,5000,69.03,INR,FY26,Rail,345150.0,138.89336016096578,IF Steel,60,66.0,72,Medium,IndiaMART,29.82,32.802,35.784
PART-0010,Chassis Mount Bracket,Om Precision Tools,Gurugram,Mount,Steel,DP780,1.704,5000,180.37,INR,FY26,Mount,901850.0,105.85093896713616,DP780,75,81.5,88,Medium,IndiaMART / market benchmark,127.8,138.876,149.952
PART-0014,Fastener Bracket Set,Bharat Precision Stampings,Sanand,Fasteners,Steel,HSLA 340,0.209,36000,52.95,INR,FY26,Bracket,1906200.0,253.34928229665073,HSLA340,68,74.5,81,Medium,IndiaMART,14.212,15.5705,16.929
PART-0081,Transmission Support Bracket,Shivam Forge Pvt Ltd,Pantnagar,Brackets & Mounts,Steel,DP 600,1.67,24000,140.41,INR,FY26,Bracket,3369840.0,84.07784431137725,DP600,72,77.0,82,Low-Medium,IndiaMART / market benchmark,120.24,128.59,136.94
PART-0037,Chassis Mount Bracket,Kalyani Stamping Co,Pune,Brackets & Mounts,Steel,dp600,0.695,24000,65.17,INR,FY26,Mount,1564080.0,93.76978417266189,DP600,72,77.0,82,Low-Medium,IndiaMART / market benchmark,50.04,53.51499999999999,56.989999999999995
PART-0007,Radiator Support Bracket,Vindhya Metal Works,Sanand,Brackets & Mounts,Steel,DP780,1.56,24000,174.95,INR,FY26,Bracket,4198800.0,112.14743589743588,DP780,75,81.5,88,Medium,IndiaMART / market benchmark,117.0,127.14,137.28
PART-0023,Exhaust Hanger Bracket,Anand Sheet Metal Ltd,Pantnagar,Brackets & Mounts,Steel,HSLA 340,2.275,90000,207.39,INR,FY26,Bracket,18665100.0,91.16043956043956,HSLA340,68,74.5,81,Medium,IndiaMART,154.7,169.48749999999998,184.275
PART-0079,Weld Nut Assembly,Ganga Auto Forgings,Pantnagar,Fasteners,Steel,DP 600,1.731,120000,174.47,INR,FY26,Nut,20936400.0,100.79145002888504,DP600,72,77.0,82,Low-Medium,IndiaMART / market benchmark,124.632,133.287,141.942
PART-0039,Roof Rail Reinforcement,Om Precision Tools,Pune,Rail,Steel,hsla340,1.107,5000,108.27,INR,FY26,Rail,541350.0,97.80487804878048,HSLA340,68,74.5,81,Medium,IndiaMART,75.276,82.47149999999999,89.667
PART-0019,Bumper Reinforcement Beam,Vindhya Metal Works,Chakan,Beam,Steel,CR-3,1.592,60000,150.65,INR,FY26,Beam,9039000.0,94.62939698492463,CR-3,62,69.5,77,Medium,IndiaMART,98.70400000000001,110.644,122.584
PART-0004,Exhaust Hanger Bracket,Shivam Forge Pvt Ltd,Gurugram,Brackets & Mounts,Steel,hsla340,0.957,90000,112.22,INR,FY26,Bracket,10099800.0,117.26227795193313,HSLA340,68,74.5,81,Medium,IndiaMART,65.076,71.2965,77.517
PART-0047,Cross Member Mount,Anand Sheet Metal Ltd,Chennai,Brackets & Mounts,Steel,hsla340,1.628,18000,115.13,INR,FY26,Mount,2072340.0,70.71867321867322,HSLA340,68,74.5,81,Medium,IndiaMART,110.704,121.28599999999999,131.868
PART-0088,Rear Quarter Panel,Om Precision Tools,Gurugram,Body Panels,Steel,if steel,0.259,5000,45.63,INR,FY26,Panel,228150.0,176.17760617760618,IF Steel,60,66.0,72,Medium,IndiaMART,15.540000000000001,17.094,18.648
PART-0073,Sill Reinforcement Plate,Shivam Forge Pvt Ltd,Sanand,General,Steel,dp780,0.604,24000,60.69,INR,FY26,Plate,1456560.0,100.48013245033113,DP780,75,81.5,88,Medium,IndiaMART / market benchmark,45.3,49.226,53.152
PART-0083,Fender Panel RH,Kalyani Stamping Co,Sanand,Body Panels,Steel,HSLA340,1.013,24000,114.95,INR,FY26,Panel,2758800.0,113.47482724580456,HSLA340,68,74.5,81,Medium,IndiaMART,68.88399999999999,75.46849999999999,82.053
PART-0046,Fastener Bracket Set,Kalyani Stamping Co,Pantnagar,Fasteners,Steel,CR-3,2.871,48000,277.46,INR,FY26,Bracket,13318079.999999998,96.64228491814698,CR-3,62,69.5,77,Medium,IndiaMART,178.002,199.5345,221.067
PART-0100,Weld Nut Assembly,Shivam Forge Pvt Ltd,Chakan,Nut,Steel,if steel,1.072,48000,70.55,INR,FY26,Nut,3386400.0,65.8115671641791,IF Steel,60,66.0,72,Medium,IndiaMART,64.32000000000001,70.75200000000001,77.184
PART-0016,Weld Nut Assembly,Anand Sheet Metal Ltd,Sanand,Fasteners,Steel,cr3,3.091,90000,292.53,INR,FY26,Nut,26327699.999999996,94.63927531543189,CR-3,62,69.5,77,Medium,IndiaMART,191.64200000000002,214.8245,238.007
PART-0043,Clip Retainer Plate,Shivam Forge Pvt Ltd,Chennai,Fasteners,Steel,HSLA340,2.61,12000,159.67,INR,FY26,Plate,1916039.9999999998,61.17624521072797,HSLA340,68,74.5,81,Medium,IndiaMART,177.48,194.445,211.41
PART-0008,Floor Panel Inner,Suresh Auto Components,Pune,Body Panels,Steel,HSLA 340,0.967,18000,113.36,INR,FY26,Panel,2040480.0,117.22854188210962,HSLA340,68,74.5,81,Medium,IndiaMART,65.756,72.0415,78.327
PART-0113,Weld Nut Assembly,Suresh Auto Components,Chennai,Brackets & Mounts,Steel,HSLA340,0.734,18000,66.38,INR,FY26,Nut,1194840.0,90.43596730245231,HSLA340,68,74.5,81,Medium,IndiaMART,49.912,54.683,59.454
PART-0111,Wheel Arch Panel,Ganga Auto Forgings,Pune,Body Panels,Steel,HSLA340,0.734,18000,66.38,INR,FY26,Panel,1194840.0,90.43596730245231,HSLA340,68,74.5,81,Medium,IndiaMART,49.912,54.683,59.454
PART-0085,Bumper Reinforcement Beam,Om Precision Tools,Chennai,Reinforcements,Steel,IF Steel,1.12,60000,126.59,INR,FY26,Beam,7595400.0,113.02678571428571,IF Steel,60,66.0,72,Medium,IndiaMART,67.2,73.92,80.64000000000001
PART-0095,B-Pillar Reinforcement,Anand Sheet Metal Ltd,Chakan,Reinforcements,Steel,dp780,0.446,150000,51.87,INR,FY26,Pillar,7780500.0,116.30044843049326,DP780,75,81.5,88,Medium,IndiaMART / market benchmark,33.45,36.349000000000004,39.248
PART-0076,Weld Nut Assembly,Anand Sheet Metal Ltd,Sanand,Fasteners,Steel,DP 600,1.585,150000,129.95,INR,FY26,Nut,19492500.0,81.98738170347002,DP600,72,77.0,82,Low-Medium,IndiaMART / market benchmark,114.12,122.045,129.97
PART-0011,Chassis Mount Bracket,Shivam Forge Pvt Ltd,Pantnagar,Brackets & Mounts,Steel,if steel,3.188,90000,231.76,INR,FY26,Mount,20858400.0,72.69761606022584,IF Steel,60,66.0,72,Medium,IndiaMART,191.28,210.40800000000002,229.536
PART-0012,Steering Column Bracket,Anand Sheet Metal Ltd,Chakan,Brackets & Mounts,Steel,HSLA340,1.045,12000,114.82,INR,FY26,Bracket,1377840.0,109.8755980861244,HSLA340,68,74.5,81,Medium,IndiaMART,71.06,77.85249999999999,84.645
PART-0009,Sill Reinforcement Plate,Om Precision Tools,Chakan,Reinforcements,Steel,IF Steel,0.958,18000,105.1,INR,FY26,Plate,1891800.0,109.70772442588726,IF Steel,60,66.0,72,Medium,IndiaMART,57.48,63.227999999999994,68.976
PART-0061,Sill Reinforcement Plate,Om Precision Tools,Gurugram,Reinforcements,Steel,DP-600,2.745,12000,221.93,INR,FY26,Plate,2663160.0,80.8488160291439,DP600,72,77.0,82,Low-Medium,IndiaMART / market benchmark,197.64000000000001,211.365,225.09
PART-0020,Fender Panel RH,Om Precision Tools,Pantnagar,Body Panels,Steel,DP600,0.335,36000,37.98,INR,FY26,Panel,1367280.0,113.37313432835819,DP600,72,77.0,82,Low-Medium,IndiaMART / market benchmark,24.12,25.795,27.470000000000002
PART-0048,Fender Panel LH,Kalyani Stamping Co,Sanand,Body Panels,Steel,DP 600,0.61,48000,80.21,INR,FY26,Panel,3850079.9999999995,131.4918032786885,DP600,72,77.0,82,Low-Medium,IndiaMART / market benchmark,43.92,46.97,50.019999999999996
PART-0033,Battery Tray Bracket,Suresh Auto Components,Chakan,Brackets & Mounts,Steel,dp780,0.464,90000,61.15,INR,FY26,Bracket,5503500.0,131.78879310344826,DP780,75,81.5,88,Medium,IndiaMART / market benchmark,34.800000000000004,37.816,40.832
PART-0097,Rear Quarter Panel,Anand Sheet Metal Ltd,Chennai,Body Panels,Steel,HSLA 340,3.101,24000,280.01,INR,FY26,Panel,6720240.0,90.29667849080941,HSLA340,68,74.5,81,Medium,IndiaMART,210.868,231.0245,251.181
PART-0055,Engine Mount Bracket,Suresh Auto Components,Chennai,Brackets & Mounts,Steel,DP 600,0.878,60000,96.54,INR,FY26,Mount,5792400.0,109.95444191343964,DP600,72,77.0,82,Low-Medium,IndiaMART / market benchmark,63.216,67.606,71.996
PART-0041,Bumper Reinforcement Beam,Anand Sheet Metal Ltd,Pantnagar,Reinforcements,Steel,CR3,1.077,18000,103.05,INR,FY26,Beam,1854900.0,95.6824512534819,CR-3,62,69.5,77,Medium,IndiaMART,66.774,74.8515,82.929
PART-0101,Engine Mount Bracket,Suresh Auto Components,Sanand,Brackets & Mounts,Steel,DP 780,1.534,150000,172.0,INR,FY26,Mount,25800000.0,112.1251629726206,DP780,75,81.5,88,Medium,IndiaMART / market benchmark,115.05,125.021,134.992
PART-0054,Exhaust Hanger Bracket,Bharat Precision Stampings,Chakan,Brackets & Mounts,Steel,CR3,3.2,36000,212.1,INR,FY26,Bracket,7635600.0,66.28125,CR-3,62,69.5,77,Medium,IndiaMART,198.4,222.4,246.4
PART-0052,Suspension Mount Plate,Bharat Precision Stampings,Pantnagar,Brackets & Mounts,Steel,CR-3,2.172,5000,185.05,INR,FY26,Mount,925250.0,85.19797421731123,CR-3,62,69.5,77,Medium,IndiaMART,134.66400000000002,150.954,167.244
PART-0105,Radiator Support Bracket,Suresh Auto Components,Sanand,Brackets & Mounts,Steel,DP780,1.152,12000,125.56,INR,FY26,Bracket,1506720.0,108.99305555555557,DP780,75,81.5,88,Medium,IndiaMART / market benchmark,86.39999999999999,93.88799999999999,101.37599999999999
PART-0044,Exhaust Hanger Bracket,Om Precision Tools,Chakan,Brackets & Mounts,Steel,CR3,2.341,48000,188.59,INR,FY26,Bracket,9052320.0,80.5595899188381,CR-3,62,69.5,77,Medium,IndiaMART,145.14200000000002,162.6995,180.257
PART-0053,Battery Tray Bracket,Om Precision Tools,Gurugram,Brackets & Mounts,Steel,DP 780,1.147,48000,114.14,INR,FY26,Bracket,5478720.0,99.51176983435047,DP780,75,81.5,88,Medium,IndiaMART / market benchmark,86.025,93.4805,100.936
PART-0030,Roof Rail Reinforcement,Suresh Auto Components,Chakan,Rail,Steel,hsla340,1.64,12000,165.84,INR,FY26,Rail,1990080.0,101.1219512195122,HSLA340,68,74.5,81,Medium,IndiaMART,111.52,122.17999999999999,132.84
PART-0058,Weld Nut Assembly,Bharat Precision Stampings,Gurugram,Fasteners,Steel,cr3,2.168,5000,180.06,INR,FY26,Nut,900300.0,83.05350553505535,CR-3,62,69.5,77,Medium,IndiaMART,134.416,150.67600000000002,166.936
PART-0102,Fastener Bracket Set,Vindhya Metal Works,Pantnagar,Fasteners,Steel,DP-600,2.028,24000,132.16,INR,FY26,Bracket,3171840.0,65.16765285996055,DP600,72,77.0,82,Low-Medium,IndiaMART / market benchmark,146.016,156.156,166.296
PART-0028,Floor Panel Inner,Suresh Auto Components,Gurugram,Body Panels,Steel,HSLA340,1.486,90000,149.96,INR,FY26,Panel,13496400.0,100.91520861372814,HSLA340,68,74.5,81,Medium,IndiaMART,101.048,110.707,120.366
PART-0093,Wheel Arch Panel,Om Precision Tools,Pantnagar,Body Panels,Steel,DP 600,1.313,36000,142.15,INR,FY26,Panel,5117400.0,108.26351865955827,DP600,72,77.0,82,Low-Medium,IndiaMART / market benchmark,94.536,101.101,107.666
PART-0210,Rear Quarter Panel,Anand Sheet Metal Ltd,Sanand,Body Panels,Steel,IF Steel,2.4,0,610.0,INR,FY26,Panel,0.0,254.16666666666669,IF Steel,60,66.0,72,Medium,IndiaMART,144.0,158.4,172.79999999999998
PART-0098,B-Pillar Reinforcement,Om Precision Tools,Sanand,Reinforcements,Steel,HSLA340,2.562,48000,216.82,INR,FY26,Pillar,10407360.0,84.62919594067135,HSLA340,68,74.5,81,Medium,IndiaMART,174.21599999999998,190.869,207.522
PART-0084,Sill Reinforcement Plate,Ganga Auto Forgings,Gurugram,brackets,Steel,hsla340,2.477,48000,197.61,INR,FY26,Plate,9485280.0,79.77795720629796,HSLA340,68,74.5,81,Medium,IndiaMART,168.43599999999998,184.5365,200.637
PART-0015,Transmission Support Bracket,Shivam Forge Pvt Ltd,Pune,Brackets & Mounts,Steel,IF Steel,3.133,90000,277.78,INR,FY26,Bracket,25000199.999999996,88.66262368337057,IF Steel,60,66.0,72,Medium,IndiaMART,187.98,206.778,225.576
PART-0090,Fender Panel LH,Kalyani Stamping Co,Pantnagar,Body Panels,Steel,DP780,1.77,120000,156.92,INR,FY26,Panel,18830400.0,88.65536723163841,DP780,75,81.5,88,Medium,IndiaMART / market benchmark,132.75,144.255,155.76
PART-0013,Rear Quarter Panel,Vindhya Metal Works,Sanand,Body Panels,Steel,dp600,2.717,90000,225.97,INR,FY26,Panel,20337300.0,83.16893632683106,DP600,72,77.0,82,Low-Medium,IndiaMART / market benchmark,195.624,209.209,222.794
PART-0056,Fender Panel LH,Vindhya Metal Works,Sanand,Body Panels,Steel,CR-3,2.341,12000,227.87,INR,FY26,Panel,2734440.0,97.33874412644168,CR-3,62,69.5,77,Medium,IndiaMART,145.14200000000002,162.6995,180.257
PART-0078,Cross Member Mount,Om Precision Tools,Sanand,Brackets & Mounts,Steel,DP-600,0.419,24000,67.42,INR,FY26,Mount,1618080.0,160.90692124105013,DP600,72,77.0,82,Low-Medium,IndiaMART / market benchmark,30.168,32.263,34.358
PART-0065,Floor Panel Inner,Vindhya Metal Works,Chennai,Body Panels,Steel,dp780,1.627,120000,176.4,INR,FY26,Panel,21168000.0,108.42040565457899,DP780,75,81.5,88,Medium,IndiaMART / market benchmark,122.025,132.6005,143.176
PART-0059,Suspension Mount Plate,Om Precision Tools,Gurugram,Brackets & Mounts,Steel,if steel,0.617,12000,90.84,INR,FY26,Mount,1090080.0,147.22852512155592,IF Steel,60,66.0,72,Medium,IndiaMART,37.019999999999996,40.722,44.424
PART-0038,Fender Panel RH,Shivam Forge Pvt Ltd,Pantnagar,Body Panels,Steel,CR3,0.927,48000,88.44,INR,FY26,Panel,4245120.0,95.40453074433657,CR-3,62,69.5,77,Medium,IndiaMART,57.474000000000004,64.4265,71.379
PART-0068,Suspension Mount Plate,Shivam Forge Pvt Ltd,Pantnagar,Brackets & Mounts,Steel,IF Steel,1.91,150000,119.37,INR,FY26,Mount,17905500.0,62.497382198952884,IF Steel,60,66.0,72,Medium,IndiaMART,114.6,126.05999999999999,137.51999999999998
PART-0077,Chassis Mount Bracket,Ganga Auto Forgings,Pune,Brackets & Mounts,Steel,IF steel,1.395,36000,149.14,INR,FY26,Mount,5369039.999999999,106.91039426523297,IF Steel,60,66.0,72,Medium,IndiaMART,83.7,92.07000000000001,100.44
PART-0049,Rear Quarter Panel,Ganga Auto Forgings,Pantnagar,Body Panels,Steel,DP 600,2.69,48000,270.75,INR,FY26,Panel,12996000.0,100.65055762081785,DP600,72,77.0,82,Low-Medium,IndiaMART / market benchmark,193.68,207.13,220.57999999999998
PART-0042,Cross Member Mount,Ganga Auto Forgings,Chakan,Brackets & Mounts,Steel,dp780,1.593,12000,144.53,INR,FY26,Mount,1734360.0,90.72818581293159,DP780,75,81.5,88,Medium,IndiaMART / market benchmark,119.475,129.8295,140.184
PART-0092,Cross Member Mount,Vindhya Metal Works,Pune,Brackets & Mounts,Steel,IF steel,3.162,24000,274.57,INR,FY26,Mount,6589680.0,86.83428209993674,IF Steel,60,66.0,72,Medium,IndiaMART,189.72,208.692,227.664
PART-0071,Transmission Support Bracket,Suresh Auto Components,Chennai,Brackets & Mounts,Steel,CR3,0.627,48000,71.57,INR,FY26,Bracket,3435359.9999999995,114.14673046251993,CR-3,62,69.5,77,Medium,IndiaMART,38.874,43.5765,48.279
PART-0075,Radiator Support Bracket,Bharat Precision Stampings,Pantnagar,Brackets & Mounts,Steel,hsla340,0.914,5000,87.24,INR,FY26,Bracket,436200.0,95.44857768052516,HSLA340,68,74.5,81,Medium,IndiaMART,62.152,68.093,74.034
PART-0082,Suspension Mount Plate,Ganga Auto Forgings,Sanand,Brackets & Mounts,Steel,DP 780,0.731,120000,90.84,INR,FY26,Mount,10900800.0,124.26812585499317,DP780,75,81.5,88,Medium,IndiaMART / market benchmark,54.824999999999996,59.576499999999996,64.328
PART-0080,Roof Rail Reinforcement,Vindhya Metal Works,Gurugram,Rail,Steel,if steel,1.628,24000,151.64,INR,FY26,Rail,3639359.9999999995,93.14496314496314,IF Steel,60,66.0,72,Medium,IndiaMART,97.67999999999999,107.448,117.216
PART-0036,Wheel Arch Panel,Suresh Auto Components,Pune,Body Panels,Steel,DP 780,1.151,5000,122.59,INR,FY26,Panel,612950.0,106.50738488271068,DP780,75,81.5,88,Medium,IndiaMART / market benchmark,86.325,93.8065,101.288
PART-0017,Chassis Mount Bracket,Kalyani Stamping Co,Pantnagar,Brackets & Mounts,Steel,cr3,0.519,18000,35.61,INR,FY26,Mount,640980.0,68.61271676300578,CR-3,62,69.5,77,Medium,IndiaMART,32.178000000000004,36.0705,39.963
