part_id,part_description,supplier_name,plant_location,category,material_type,material_grade,unit_weight_kg,annual_volume,unit_price_local,currency,fiscal_year,description_bin,spend,per_kg_price,material_grade_clean,price_low_per_kg,price_base_per_kg,price_high_per_kg,confidence,source,material_cost_low,material_cost_base,material_cost_high,Condensed_Category_Description,Condensed_Category,Complexity_Weight,Relative_Complexity,cycle_time_low_sec,cycle_time_base_sec,cycle_time_high_sec,press_cost_low,press_cost_base,press_cost_high,labor_cost_low,labor_cost_base,labor_cost_high,has_secondary_operation,tooling_cost_low,tooling_cost_base,tooling_cost_high,overhead_cost_low,overhead_cost_base,overhead_cost_high,secondary_cost_low,secondary_cost_base,secondary_cost_high,conversion_cost_low,conversion_cost_base,conversion_cost_high,should_cost_low,should_cost_base,should_cost_high
PART-0034,B-Pillar Reinforcement,Vindhya Metal Works,Chennai,Reinforcements,Steel,IF Steel,0.697,36000,79.56,INR,FY26,Pillar,2864160.0,114.14634146341464,IF Steel,60,66.0,72,Medium,IndiaMART,41.82,46.002,50.184,All are generally structural/form-formed components and likely have meaningful forming/conversion effort,Structural Formed Components,0.35,1.75,6,12,20,0.29411764705882354,0.9090909090909092,2.0833333333333335,0.4901960784313726,1.4141414141414144,3.125,False,0.1388888888888889,0.5555555555555556,1.3888888888888888,0.07843137254901962,0.3484848484848485,1.0416666666666667,0,0,0,1.0016339869281046,3.2272727272727275,7.63888888888889,42.821633986928106,49.22927272727273,57.82288888888889
PART-0199,Suspension Mount Plate,Rhein Metall Components GmbH,Stuttgart,Brackets & Mounts,Steel,DP780,1.05,42000,7.85,INR,FY26,Mount,329700.0,7.476190476190475,DP780,75,81.5,88,Medium,IndiaMART / market benchmark,78.75,85.575,92.4,All are generally structural/form-formed components and likely have meaningful forming/conversion effort,Structural Formed Components,0.35,1.75,6,12,20,0.29411764705882354,0.9090909090909092,2.0833333333333335,0.4901960784313726,1.4141414141414144,3.125,False,0.11904761904761904,0.47619047619047616,1.1904761904761905,0.07843137254901962,0.3484848484848485,1.0416666666666667,0,0,0,0.9817927170868349,3.1479076479076484,7.440476190476192,79.73179271708683,88.72290764790765,99.8404761904762
PART-0060,Clip Retainer Plate,Ganga Auto Forgings,Pantnagar,Fasteners,Steel,cr3,1.133,18000,108.0,INR,FY26,Plate,1944000.0,95.32215357458077,CR-3,62,69.5,77,Medium,IndiaMART,70.246,78.7435,87.241,Both are hardware rather than large sheet-metal structural components,Hardware,0.15,0.75,2,4,6,0.09803921568627451,0.30303030303030304,0.625,0.16339869281045752,0.4713804713804714,0.9375000000000001,False,0.2777777777777778,1.1111111111111112,2.7777777777777777,0.026143790849673207,0.11616161616161616,0.3125,0,0,0,0.5653594771241831,2.0016835016835017,4.652777777777778,70.81135947712418,80.7451835016835,91.89377777777777
PART-0032,Bumper Reinforcement Beam,Bharat Precision Stampings,Gurugram,Reinforcements,Steel,CR-3,0.602,12000,51.88,INR,FY26,Beam,622560.0,86.17940199335548,CR-3,62,69.5,77,Medium,IndiaMART,37.324,41.839,46.354,All are generally structural/form-formed components and likely have meaningful forming/conversion effort,Structural Formed Components,0.35,1.75,6,12,20,0.29411764705882354,0.9090909090909092,2.0833333333333335,0.4901960784313726,1.4141414141414144,3.125,False,0.4166666666666667,1.6666666666666667,4.166666666666667,0.07843137254901962,0.3484848484848485,1.0416666666666667,0,0,0,1.2794117647058825,4.338383838383839,10.416666666666666,38.60341176470588,46.17738383838384,56.77066666666666
PART-0021,Suspension Mount Plate,Om Precision Tools,Chennai,Brackets & Mounts,Steel,HSLA 340,0.912,5000,101.47,INR,FY26,Mount,507350.0,111.2609649122807,HSLA340,68,74.5,81,Medium,IndiaMART,62.016000000000005,67.944,73.872,All are generally structural/form-formed components and likely have meaningful forming/conversion effort,Structural Formed Components,0.35,1.75,6,12,20,0.29411764705882354,0.9090909090909092,2.0833333333333335,0.4901960784313726,1.4141414141414144,3.125,False,1.0,4.0,10.0,0.07843137254901962,0.3484848484848485,1.0416666666666667,0,0,0,1.8627450980392157,6.671717171717172,16.25,63.87874509803922,74.61571717171718,90.122
PART-0108,Exhaust Hanger Bracket,Suresh Auto Components,Sanand,Brackets & Mounts,Steel,dp600,1.547,12000,181.53,INR,FY26,Bracket,2178360.0,117.34324499030382,DP600,72,77.0,82,Low-Medium,IndiaMART / market benchmark,111.384,119.119,126.854,All are generally structural/form-formed components and likely have meaningful forming/conversion effort,Structural Formed Components,0.35,1.75,6,12,20,0.29411764705882354,0.9090909090909092,2.0833333333333335,0.4901960784313726,1.4141414141414144,3.125,False,0.4166666666666667,1.6666666666666667,4.166666666666667,0.07843137254901962,0.3484848484848485,1.0416666666666667,0,0,0,1.2794117647058825,4.338383838383839,10.416666666666666,112.66341176470588,123.45738383838383,137.27066666666667
PART-0087,Suspension Mount Plate,Vindhya Metal Works,Pantnagar,Brackets & Mounts,Steel,DP780,1.582,24000,137.68,INR,FY26,Mount,3304320.0,87.0290771175727,DP780,75,81.5,88,Medium,IndiaMART / market benchmark,118.65,128.933,139.216,All are generally structural/form-formed components and likely have meaningful forming/conversion effort,Structural Formed Components,0.35,1.75,6,12,20,0.29411764705882354,0.9090909090909092,2.0833333333333335,0.4901960784313726,1.4141414141414144,3.125,False,0.20833333333333334,0.8333333333333334,2.0833333333333335,0.07843137254901962,0.3484848484848485,1.0416666666666667,0,0,0,1.0710784313725492,3.5050505050505056,8.333333333333334,119.72107843137256,132.4380505050505,147.54933333333335
PART-0029,Weld Nut Assembly,Anand Sheet Metal Ltd,Chakan,Fasteners,Steel,DP 600,0.957,5000,91.5,INR,FY26,Nut,457500.0,95.61128526645768,DP600,72,77.0,82,Low-Medium,IndiaMART / market benchmark,68.904,73.689,78.474,Both are hardware rather than large sheet-metal structural components,Hardware,0.15,0.75,2,4,6,0.09803921568627451,0.30303030303030304,0.625,0.16339869281045752,0.4713804713804714,0.9375000000000001,True,1.0,4.0,10.0,0.026143790849673207,0.11616161616161616,0.3125,0,50,100,1.287581699346405,54.89057239057239,111.875,70.1915816993464,128.57957239057237,190.349
PART-0042,Engine Mount Bracket,Bharat Precision Stampings,Pune,Brackets & Mounts,Steel,DP600,0.82,120000,145.0,INR,FY26,Mount,17400000.0,176.82926829268294,DP600,72,77.0,82,Low-Medium,IndiaMART / market benchmark,59.04,63.13999999999999,67.24,All are generally structural/form-formed components and likely have meaningful forming/conversion effort,Structural Formed Components,0.35,1.75,6,12,20,0.29411764705882354,0.9090909090909092,2.0833333333333335,0.4901960784313726,1.4141414141414144,3.125,False,0.041666666666666664,0.16666666666666666,0.4166666666666667,0.07843137254901962,0.3484848484848485,1.0416666666666667,0,0,0,0.9044117647058825,2.8383838383838387,6.666666666666668,59.94441176470588,65.97838383838383,73.90666666666667
PART-0027,Cross Member Mount,Shivam Forge Pvt Ltd,Pune,Brackets & Mounts,Steel,if steel,3.195,5000,197.55,INR,FY26,Mount,987750.0,61.83098591549297,IF Steel,60,66.0,72,Medium,IndiaMART,191.7,210.87,230.04,All are generally structural/form-formed components and likely have meaningful forming/conversion effort,Structural Formed Components,0.35,1.75,6,12,20,0.29411764705882354,0.9090909090909092,2.0833333333333335,0.4901960784313726,1.4141414141414144,3.125,False,1.0,4.0,10.0,0.07843137254901962,0.3484848484848485,1.0416666666666667,0,0,0,1.8627450980392157,6.671717171717172,16.25,193.56274509803922,217.54171717171718,246.29
PART-0070,Cross Member Mount,Om Precision Tools,Gurugram,Brackets & Mounts,Steel,CR-3,0.334,5000,43.3,INR,FY26,Mount,216500.0,129.64071856287424,CR-3,62,69.5,77,Medium,IndiaMART,20.708,23.213,25.718,All are generally structural/form-formed components and likely have meaningful forming/conversion effort,Structural Formed Components,0.35,1.75,6,12,20,0.29411764705882354,0.9090909090909092,2.0833333333333335,0.4901960784313726,1.4141414141414144,3.125,False,1.0,4.0,10.0,0.07843137254901962,0.3484848484848485,1.0416666666666667,0,0,0,1.8627450980392157,6.671717171717172,16.25,22.570745098039215,29.884717171717174,41.968
PART-0091,Chassis Mount Bracket,Suresh Auto Components,Pantnagar,Brackets & Mounts,Steel,CR3,0.858,150000,69.84,INR,FY26,Mount,10476000.0,81.3986013986014,CR-3,62,69.5,77,Medium,IndiaMART,53.196,59.631,66.066,All are generally structural/form-formed components and likely have meaningful forming/conversion effort,Structural Formed Components,0.35,1.75,6,12,20,0.29411764705882354,0.9090909090909092,2.0833333333333335,0.4901960784313726,1.4141414141414144,3.125,False,0.03333333333333333,0.13333333333333333,0.3333333333333333,0.07843137254901962,0.3484848484848485,1.0416666666666667,0,0,0,0.8960784313725492,2.8050505050505055,6.583333333333334,54.09207843137255,62.4360505050505,72.64933333333333
PART-0050,Clip Retainer Plate,Ganga Auto Forgings,Pune,Fasteners,Steel,HSLA 340,2.448,48000,218.05,INR,FY26,Plate,10466400.0,89.07271241830065,HSLA340,68,74.5,81,Medium,IndiaMART,166.464,182.376,198.288,Both are hardware rather than large sheet-metal structural components,Hardware,0.15,0.75,2,4,6,0.09803921568627451,0.30303030303030304,0.625,0.16339869281045752,0.4713804713804714,0.9375000000000001,False,0.10416666666666667,0.4166666666666667,1.0416666666666667,0.026143790849673207,0.11616161616161616,0.3125,0,0,0,0.39174836601307195,1.3072390572390573,2.916666666666667,166.85574836601307,183.68323905723906,201.20466666666667
PART-0040,Cross Member Mount,Om Precision Tools,Chakan,Brackets & Mounts,Steel,hsla340,0.538,48000,62.17,INR,FY26,Mount,2984160.0,115.55762081784388,HSLA340,68,74.5,81,Medium,IndiaMART,36.584,40.081,43.578,All are generally structural/form-formed components and likely have meaningful forming/conversion effort,Structural Formed Components,0.35,1.75,6,12,20,0.29411764705882354,0.9090909090909092,2.0833333333333335,0.4901960784313726,1.4141414141414144,3.125,False,0.10416666666666667,0.4166666666666667,1.0416666666666667,0.07843137254901962,0.3484848484848485,1.0416666666666667,0,0,0,0.9669117647058825,3.0883838383838387,7.291666666666668,37.55091176470589,43.169383838383844,50.869666666666674
PART-0067,Sill Reinforcement Plate,Shivam Forge Pvt Ltd,Pune,Reinforcements,Steel,cr3,1.582,60000,147.36,INR,FY26,Plate,8841600.0,93.1479140328698,CR-3,62,69.5,77,Medium,IndiaMART,98.084,109.949,121.814,All are generally structural/form-formed components and likely have meaningful forming/conversion effort,Structural Formed Components,0.35,1.75,6,12,20,0.29411764705882354,0.9090909090909092,2.0833333333333335,0.4901960784313726,1.4141414141414144,3.125,False,0.08333333333333333,0.3333333333333333,0.8333333333333334,0.07843137254901962,0.3484848484848485,1.0416666666666667,0,0,0,0.9460784313725492,3.0050505050505056,7.083333333333334,99.03007843137256,112.9540505050505,128.89733333333334
PART-0103,Roof Rail Reinforcement,Shivam Forge Pvt Ltd,Chakan,Rail,Steel,hsla340,2.9,150000,220.04,INR,FY26,Rail,33006000.0,75.87586206896552,HSLA340,68,74.5,81,Medium,IndiaMART,197.2,216.05,234.9,All are generally structural/form-formed components and likely have meaningful forming/conversion effort,Structural Formed Components,0.35,1.75,6,12,20,0.29411764705882354,0.9090909090909092,2.0833333333333335,0.4901960784313726,1.4141414141414144,3.125,False,0.03333333333333333,0.13333333333333333,0.3333333333333333,0.07843137254901962,0.3484848484848485,1.0416666666666667,0,0,0,0.8960784313725492,2.8050505050505055,6.583333333333334,198.09607843137255,218.8550505050505,241.48333333333335
PART-0057,Fastener Bracket Set,Om Precision Tools,Pantnagar,Fasteners,Steel,DP780,1.956,150000,155.98,INR,FY26,Bracket,23397000.0,79.74437627811861,DP780,75,81.5,88,Medium,IndiaMART / market benchmark,146.7,159.414,172.128,Both are hardware rather than large sheet-metal structural components,Hardware,0.15,0.75,2,4,6,0.09803921568627451,0.30303030303030304,0.625,0.16339869281045752,0.4713804713804714,0.9375000000000001,False,0.03333333333333333,0.13333333333333333,0.3333333333333333,0.026143790849673207,0.11616161616161616,0.3125,0,0,0,0.3209150326797386,1.0239057239057239,2.208333333333333,147.02091503267974,160.43790572390571,174.33633333333333
PART-0026,Chassis Mount Bracket,Kalyani Stamping Co,Gurugram,Brackets & Mounts,Steel,dp780,2.334,18000,162.75,INR,FY26,Mount,2929500.0,69.73007712082261,DP780,75,81.5,88,Medium,IndiaMART / market benchmark,175.05,190.221,205.392,All are generally structural/form-formed components and likely have meaningful forming/conversion effort,Structural Formed Components,0.35,1.75,6,12,20,0.29411764705882354,0.9090909090909092,2.0833333333333335,0.4901960784313726,1.4141414141414144,3.125,False,0.2777777777777778,1.1111111111111112,2.7777777777777777,0.07843137254901962,0.3484848484848485,1.0416666666666667,0,0,0,1.1405228758169936,3.7828282828282833,9.027777777777779,176.190522875817,194.0038282828283,214.41977777777777
PART-0089,Door Reinforcement Panel,Om Precision Tools,Pune,Body Panels,Steel,DP-600,0.657,24000,66.49,INR,FY26,Panel,1595759.9999999998,101.20243531202432,DP600,72,77.0,82,Low-Medium,IndiaMART / market benchmark,47.304,50.589,53.874,Seperate Category because panel forming can have substantially different characteristics,Body Panels,0.3,1.5,6,10,15,0.29411764705882354,0.7575757575757577,1.5625,0.4901960784313726,1.1784511784511784,2.34375,False,0.20833333333333334,0.8333333333333334,2.0833333333333335,0.07843137254901962,0.2904040404040404,0.78125,0,0,0,1.0710784313725492,3.0597643097643097,6.770833333333334,48.37507843137255,53.64876430976431,60.64483333333334
PART-0003,Sill Reinforcement Plate,Anand Sheet Metal Ltd,Pune,Reinforcements,Steel,dp780,1.439,24000,126.6,INR,FY26,Plate,3038400.0,87.97776233495482,DP780,75,81.5,88,Medium,IndiaMART / market benchmark,107.925,117.2785,126.632,All are generally structural/form-formed components and likely have meaningful forming/conversion effort,Structural Formed Components,0.35,1.75,6,12,20,0.29411764705882354,0.9090909090909092,2.0833333333333335,0.4901960784313726,1.4141414141414144,3.125,False,0.20833333333333334,0.8333333333333334,2.0833333333333335,0.07843137254901962,0.3484848484848485,1.0416666666666667,0,0,0,1.0710784313725492,3.5050505050505056,8.333333333333334,108.99607843137255,120.7835505050505,134.96533333333335
PART-0072,Roof Rail Reinforcement,Anand Sheet Metal Ltd,Chakan,Rail,Steel,IF Steel,2.247,24000,221.27,INR,FY26,Rail,5310480.0,98.4735202492212,IF Steel,60,66.0,72,Medium,IndiaMART,134.82,148.302,161.784,All are generally structural/form-formed components and likely have meaningful forming/conversion effort,Structural Formed Components,0.35,1.75,6,12,20,0.29411764705882354,0.9090909090909092,2.0833333333333335,0.4901960784313726,1.4141414141414144,3.125,False,0.20833333333333334,0.8333333333333334,2.0833333333333335,0.07843137254901962,0.3484848484848485,1.0416666666666667,0,0,0,1.0710784313725492,3.5050505050505056,8.333333333333334,135.89107843137253,151.8070505050505,170.11733333333333
PART-0022,Steering Column Bracket,Bharat Precision Stampings,Pune,Brackets & Mounts,Steel,DP780,1.39,60000,107.37,INR,FY26,Bracket,6442200.0,77.24460431654677,DP780,75,81.5,88,Medium,IndiaMART / market benchmark,104.25,113.285,122.32,All are generally structural/form-formed components and likely have meaningful forming/conversion effort,Structural Formed Components,0.35,1.75,6,12,20,0.29411764705882354,0.9090909090909092,2.0833333333333335,0.4901960784313726,1.4141414141414144,3.125,False,0.08333333333333333,0.3333333333333333,0.8333333333333334,0.07843137254901962,0.3484848484848485,1.0416666666666667,0,0,0,0.9460784313725492,3.0050505050505056,7.083333333333334,105.19607843137256,116.2900505050505,129.40333333333334
PART-0062,Rear Quarter Panel,Anand Sheet Metal Ltd,Sanand,Body Panels,Steel,DP 600,0.411,48000,62.17,INR,FY26,Panel,2984160.0,151.26520681265208,DP600,72,77.0,82,Low-Medium,IndiaMART / market benchmark,29.592,31.647,33.702,Seperate Category because panel forming can have substantially different characteristics,Body Panels,0.3,1.5,6,10,15,0.29411764705882354,0.7575757575757577,1.5625,0.4901960784313726,1.1784511784511784,2.34375,False,0.10416666666666667,0.4166666666666667,1.0416666666666667,0.07843137254901962,0.2904040404040404,0.78125,0,0,0,0.9669117647058825,2.6430976430976427,5.729166666666667,30.558911764705883,34.29009764309764,39.43116666666666
PART-0005,Clip Retainer Plate,Kalyani Stamping Co,Sanand,Plate,Steel,dp780,0.362,150000,38.34,INR,FY26,Plate,5751000.000000001,105.91160220994476,DP780,75,81.5,88,Medium,IndiaMART / market benchmark,27.15,29.503,31.856,Keep separate because plates are generally simpler blanking/cutting/forming components,Plates,0.2,1.0,3,5,8,0.14705882352941177,0.37878787878787884,0.8333333333333334,0.2450980392156863,0.5892255892255892,1.25,False,0.03333333333333333,0.13333333333333333,0.3333333333333333,0.03921568627450981,0.1452020202020202,0.41666666666666674,0,0,0,0.46470588235294125,1.2465488215488214,2.833333333333334,27.61470588235294,30.74954882154882,34.68933333333334
PART-0006,Exhaust Hanger Bracket,Anand Sheet Metal Ltd,Pantnagar,Brackets & Mounts,Steel,HSLA340,1.279,18000,134.19,INR,FY26,Bracket,2415420.0,104.9179046129789,HSLA340,68,74.5,81,Medium,IndiaMART,86.972,95.2855,103.599,All are generally structural/form-formed components and likely have meaningful forming/conversion effort,Structural Formed Components,0.35,1.75,6,12,20,0.29411764705882354,0.9090909090909092,2.0833333333333335,0.4901960784313726,1.4141414141414144,3.125,False,0.2777777777777778,1.1111111111111112,2.7777777777777777,0.07843137254901962,0.3484848484848485,1.0416666666666667,0,0,0,1.1405228758169936,3.7828282828282833,9.027777777777779,88.11252287581699,99.06832828282828,112.62677777777779
PART-0001,Engine Mount Bracket,Anand Sheet Metal Ltd,Chennai,Brackets & Mounts,Steel,DP780,2.396,150000,226.85,INR,FY26,Mount,34027500.0,94.67863105175292,DP780,75,81.5,88,Medium,IndiaMART / market benchmark,179.7,195.274,210.848,All are generally structural/form-formed components and likely have meaningful forming/conversion effort,Structural Formed Components,0.35,1.75,6,12,20,0.29411764705882354,0.9090909090909092,2.0833333333333335,0.4901960784313726,1.4141414141414144,3.125,False,0.03333333333333333,0.13333333333333333,0.3333333333333333,0.07843137254901962,0.3484848484848485,1.0416666666666667,0,0,0,0.8960784313725492,2.8050505050505055,6.583333333333334,180.59607843137255,198.0790505050505,217.43133333333336
PART-0066,Transmission Support Bracket,Anand Sheet Metal Ltd,Chennai,Brackets & Mounts,Steel,HSLA340,1.072,90000,70.98,INR,FY26,Bracket,6388200.0,66.21268656716418,HSLA340,68,74.5,81,Medium,IndiaMART,72.896,79.864,86.83200000000001,All are generally structural/form-formed components and likely have meaningful forming/conversion effort,Structural Formed Components,0.35,1.75,6,12,20,0.29411764705882354,0.9090909090909092,2.0833333333333335,0.4901960784313726,1.4141414141414144,3.125,False,0.05555555555555555,0.2222222222222222,0.5555555555555556,0.07843137254901962,0.3484848484848485,1.0416666666666667,0,0,0,0.9183006535947714,2.8939393939393945,6.805555555555556,73.81430065359477,82.7579393939394,93.63755555555556
PART-0109,Battery Tray Bracket,Om Precision Tools,Pune,Brackets & Mounts,Steel,HSLA340,0.734,36000,66.38,INR,FY26,Bracket,2389680.0,90.43596730245233,HSLA340,68,74.5,81,Medium,IndiaMART,49.912,54.683,59.454,All are generally structural/form-formed components and likely have meaningful forming/conversion effort,Structural Formed Components,0.35,1.75,6,12,20,0.29411764705882354,0.9090909090909092,2.0833333333333335,0.4901960784313726,1.4141414141414144,3.125,False,0.1388888888888889,0.5555555555555556,1.3888888888888888,0.07843137254901962,0.3484848484848485,1.0416666666666667,0,0,0,1.0016339869281046,3.2272727272727275,7.63888888888889,50.913633986928104,57.91027272727273,67.0928888888889
PART-0051,Sill Reinforcement Plate,Suresh Auto Components,Gurugram,Reinforcements,Steel,IF steel,0.239,36000,52.47,INR,FY26,Plate,1888920.0,219.5397489539749,IF Steel,60,66.0,72,Medium,IndiaMART,14.34,15.774,17.208,All are generally structural/form-formed components and likely have meaningful forming/conversion effort,Structural Formed Components,0.35,1.75,6,12,20,0.29411764705882354,0.9090909090909092,2.0833333333333335,0.4901960784313726,1.4141414141414144,3.125,False,0.1388888888888889,0.5555555555555556,1.3888888888888888,0.07843137254901962,0.3484848484848485,1.0416666666666667,0,0,0,1.0016339869281046,3.2272727272727275,7.63888888888889,15.341633986928105,19.001272727272728,24.846888888888888
PART-0025,Transmission Support Bracket,Shivam Forge Pvt Ltd,Sanand,Brackets & Mounts,Steel,DP 600,1.382,120000,115.43,INR,FY26,Bracket,13851600.0,83.52387843704777,DP600,72,77.0,82,Low-Medium,IndiaMART / market benchmark,99.504,106.414,113.324,All are generally structural/form-formed components and likely have meaningful forming/conversion effort,Structural Formed Components,0.35,1.75,6,12,20,0.29411764705882354,0.9090909090909092,2.0833333333333335,0.4901960784313726,1.4141414141414144,3.125,False,0.041666666666666664,0.16666666666666666,0.4166666666666667,0.07843137254901962,0.3484848484848485,1.0416666666666667,0,0,0,0.9044117647058825,2.8383838383838387,6.666666666666668,100.40841176470589,109.25238383838384,119.99066666666667
PART-0104,Suspension Mount Plate,Suresh Auto Components,Chakan,Brackets & Mounts,Steel,CR3,0.304,36000,29.09,INR,FY26,Mount,1047240.0,95.69078947368422,CR-3,62,69.5,77,Medium,IndiaMART,18.848,21.128,23.408,All are generally structural/form-formed components and likely have meaningful forming/conversion effort,Structural Formed Components,0.35,1.75,6,12,20,0.29411764705882354,0.9090909090909092,2.0833333333333335,0.4901960784313726,1.4141414141414144,3.125,False,0.1388888888888889,0.5555555555555556,1.3888888888888888,0.07843137254901962,0.3484848484848485,1.0416666666666667,0,0,0,1.0016339869281046,3.2272727272727275,7.63888888888889,19.849633986928104,24.355272727272727,31.04688888888889
PART-0035,Roof Rail Reinforcement,Vindhya Metal Works,Chakan,Rail,Steel,DP-600,2.81,60000,213.13,INR,FY26,Rail,12787800.0,75.84697508896797,DP600,72,77.0,82,Low-Medium,IndiaMART / market benchmark,202.32,216.37,230.42,All are generally structural/form-formed components and likely have meaningful forming/conversion effort,Structural Formed Components,0.35,1.75,6,12,20,0.29411764705882354,0.9090909090909092,2.0833333333333335,0.4901960784313726,1.4141414141414144,3.125,False,0.08333333333333333,0.3333333333333333,0.8333333333333334,0.07843137254901962,0.3484848484848485,1.0416666666666667,0,0,0,0.9460784313725492,3.0050505050505056,7.083333333333334,203.26607843137253,219.37505050505052,237.50333333333333
PART-0074,Fastener Bracket Set,Anand Sheet Metal Ltd,Pantnagar,Fasteners,Steel,DP-600,2.25,48000,231.11,INR,FY26,Bracket,11093280.0,102.71555555555555,DP600,72,77.0,82,Low-Medium,IndiaMART / market benchmark,162.0,173.25,184.5,Both are hardware rather than large sheet-metal structural components,Hardware,0.15,0.75,2,4,6,0.09803921568627451,0.30303030303030304,0.625,0.16339869281045752,0.4713804713804714,0.9375000000000001,False,0.10416666666666667,0.4166666666666667,1.0416666666666667,0.026143790849673207,0.11616161616161616,0.3125,0,0,0,0.39174836601307195,1.3072390572390573,2.916666666666667,162.39174836601308,174.55723905723906,187.41666666666666
PART-0110,Door Reinforcement Panel,Kalyani Stamping Co,Chakan,Body Panels,Steel,HSLA340,0.734,36000,66.38,INR,FY26,Panel,2389680.0,90.43596730245233,HSLA340,68,74.5,81,Medium,IndiaMART,49.912,54.683,59.454,Seperate Category because panel forming can have substantially different characteristics,Body Panels,0.3,1.5,6,10,15,0.29411764705882354,0.7575757575757577,1.5625,0.4901960784313726,1.1784511784511784,2.34375,False,0.1388888888888889,0.5555555555555556,1.3888888888888888,0.07843137254901962,0.2904040404040404,0.78125,0,0,0,1.0016339869281046,2.7819865319865316,6.076388888888889,50.913633986928104,57.46498653198653,65.5303888888889
PART-0042,Engine Mount Bracket ,Shivam Forge Pvt Ltd,Chakan,Brackets & Mounts,Steel,DP 600,0.82,15000,340.0,INR,FY26,Mount,5100000.0,414.63414634146346,DP600,72,77.0,82,Low-Medium,IndiaMART / market benchmark,59.04,63.13999999999999,67.24,All are generally structural/form-formed components and likely have meaningful forming/conversion effort,Structural Formed Components,0.35,1.75,6,12,20,0.29411764705882354,0.9090909090909092,2.0833333333333335,0.4901960784313726,1.4141414141414144,3.125,False,0.3333333333333333,1.3333333333333333,3.3333333333333335,0.07843137254901962,0.3484848484848485,1.0416666666666667,0,0,0,1.196078431372549,4.005050505050505,9.583333333333334,60.23607843137255,67.1450505050505,76.82333333333332
PART-0002,Engine Mount Bracket,Shivam Forge Pvt Ltd,Chennai,Brackets & Mounts,Steel,dp780,1.986,90000,152.77,INR,FY26,Mount,13749300.0,76.92346424974825,DP780,75,81.5,88,Medium,IndiaMART / market benchmark,148.95,161.859,174.768,All are generally structural/form-formed components and likely have meaningful forming/conversion effort,Structural Formed Components,0.35,1.75,6,12,20,0.29411764705882354,0.9090909090909092,2.0833333333333335,0.4901960784313726,1.4141414141414144,3.125,False,0.05555555555555555,0.2222222222222222,0.5555555555555556,0.07843137254901962,0.3484848484848485,1.0416666666666667,0,0,0,0.9183006535947714,2.8939393939393945,6.805555555555556,149.86830065359476,164.7529393939394,181.57355555555554
PART-0106,B-Pillar Reinforcement,Anand Sheet Metal Ltd,Chennai,Reinforcements,Steel,DP600,0.552,36000,61.13,INR,FY26,Pillar,2200680.0,110.7427536231884,DP600,72,77.0,82,Low-Medium,IndiaMART / market benchmark,39.744,42.504000000000005,45.264,All are generally structural/form-formed components and likely have meaningful forming/conversion effort,Structural Formed Components,0.35,1.75,6,12,20,0.29411764705882354,0.9090909090909092,2.0833333333333335,0.4901960784313726,1.4141414141414144,3.125,False,0.1388888888888889,0.5555555555555556,1.3888888888888888,0.07843137254901962,0.3484848484848485,1.0416666666666667,0,0,0,1.0016339869281046,3.2272727272727275,7.63888888888889,40.745633986928105,45.73127272727273,52.902888888888896
PART-0045,Engine Mount Bracket,Om Precision Tools,Chennai,Brackets & Mounts,Steel,dp780,1.73,24000,167.89,INR,FY26,Mount,4029360.0,97.04624277456648,DP780,75,81.5,88,Medium,IndiaMART / market benchmark,129.75,140.995,152.24,All are generally structural/form-formed components and likely have meaningful forming/conversion effort,Structural Formed Components,0.35,1.75,6,12,20,0.29411764705882354,0.9090909090909092,2.0833333333333335,0.4901960784313726,1.4141414141414144,3.125,False,0.20833333333333334,0.8333333333333334,2.0833333333333335,0.07843137254901962,0.3484848484848485,1.0416666666666667,0,0,0,1.0710784313725492,3.5050505050505056,8.333333333333334,130.82107843137254,144.50005050505052,160.57333333333335
PART-0094,Cross Member Mount,Bharat Precision Stampings,Sanand,Brackets & Mounts,Steel,DP-600,2.69,24000,244.47,INR,FY26,Mount,5867280.0,90.88104089219333,DP600,72,77.0,82,Low-Medium,IndiaMART / market benchmark,193.68,207.13,220.58,All are generally structural/form-formed components and likely have meaningful forming/conversion effort,Structural Formed Components,0.35,1.75,6,12,20,0.29411764705882354,0.9090909090909092,2.0833333333333335,0.4901960784313726,1.4141414141414144,3.125,False,0.20833333333333334,0.8333333333333334,2.0833333333333335,0.07843137254901962,0.3484848484848485,1.0416666666666667,0,0,0,1.0710784313725492,3.5050505050505056,8.333333333333334,194.75107843137255,210.63505050505051,228.91333333333336
PART-0096,Clip Retainer Plate,Vindhya Metal Works,Pune,Fasteners,Steel,HSLA 340,2.43,12000,185.7,INR,FY26,Plate,2228400.0,76.41975308641975,HSLA340,68,74.5,81,Medium,IndiaMART,165.24,181.03500000000005,196.83,Both are hardware rather than large sheet-metal structural components,Hardware,0.15,0.75,2,4,6,0.09803921568627451,0.30303030303030304,0.625,0.16339869281045752,0.4713804713804714,0.9375000000000001,False,0.4166666666666667,1.6666666666666667,4.166666666666667,0.026143790849673207,0.11616161616161616,0.3125,0,0,0,0.704248366013072,2.5572390572390575,6.041666666666667,165.94424836601308,183.5922390572391,202.87166666666667
PART-0086,Sill Reinforcement Plate,Bharat Precision Stampings,Chennai,Reinforcements,Steel,CR-3,1.163,5000,125.04,INR,FY26,Plate,625200.0,107.51504729148752,CR-3,62,69.5,77,Medium,IndiaMART,72.10600000000001,80.8285,89.551,All are generally structural/form-formed components and likely have meaningful forming/conversion effort,Structural Formed Components,0.35,1.75,6,12,20,0.29411764705882354,0.9090909090909092,2.0833333333333335,0.4901960784313726,1.4141414141414144,3.125,False,1.0,4.0,10.0,0.07843137254901962,0.3484848484848485,1.0416666666666667,0,0,0,1.8627450980392157,6.671717171717172,16.25,73.96874509803922,87.50021717171718,105.801
PART-0018,Weld Nut Assembly,Bharat Precision Stampings,Pune,Fasteners,Steel,DP 600,0.356,48000,33.92,INR,FY26,Nut,1628160.0,95.2808988764045,DP600,72,77.0,82,Low-Medium,IndiaMART / market benchmark,25.632,27.412,29.192,Both are hardware rather than large sheet-metal structural components,Hardware,0.15,0.75,2,4,6,0.09803921568627451,0.30303030303030304,0.625,0.16339869281045752,0.4713804713804714,0.9375000000000001,True,0.10416666666666667,0.4166666666666667,1.0416666666666667,0.026143790849673207,0.11616161616161616,0.3125,0,50,100,0.39174836601307195,51.30723905723906,102.91666666666667,26.023748366013074,78.71923905723907,132.10866666666666
PART-0069,Floor Panel Inner,Suresh Auto Components,Pune,Body Panels,Steel,cr3,1.999,120000,151.28,INR,FY26,Panel,18153600.0,75.67783891945973,CR-3,62,69.5,77,Medium,IndiaMART,123.938,138.9305,153.923,Seperate Category because panel forming can have substantially different characteristics,Body Panels,0.3,1.5,6,10,15,0.29411764705882354,0.7575757575757577,1.5625,0.4901960784313726,1.1784511784511784,2.34375,False,0.041666666666666664,0.16666666666666666,0.4166666666666667,0.07843137254901962,0.2904040404040404,0.78125,0,0,0,0.9044117647058825,2.3930976430976427,5.104166666666667,124.84241176470589,141.32359764309763,159.02716666666666
PART-0024,Radiator Support Bracket,Bharat Precision Stampings,Chakan,Brackets & Mounts,Steel,HSLA340,0.303,60000,57.6,INR,FY26,Bracket,3456000.0,190.0990099009901,HSLA340,68,74.5,81,Medium,IndiaMART,20.604,22.5735,24.543,All are generally structural/form-formed components and likely have meaningful forming/conversion effort,Structural Formed Components,0.35,1.75,6,12,20,0.29411764705882354,0.9090909090909092,2.0833333333333335,0.4901960784313726,1.4141414141414144,3.125,False,0.08333333333333333,0.3333333333333333,0.8333333333333334,0.07843137254901962,0.3484848484848485,1.0416666666666667,0,0,0,0.9460784313725492,3.0050505050505056,7.083333333333334,21.550078431372548,25.578550505050504,31.626333333333335
PART-0112,Cross Member Mount,Vindhya Metal Works,Gurugram,Brackets & Mounts,Steel,HSLA340,0.734,60000,66.38,INR,FY26,Mount,3982800.0,90.43596730245233,HSLA340,68,74.5,81,Medium,IndiaMART,49.912,54.683,59.454,All are generally structural/form-formed components and likely have meaningful forming/conversion effort,Structural Formed Components,0.35,1.75,6,12,20,0.29411764705882354,0.9090909090909092,2.0833333333333335,0.4901960784313726,1.4141414141414144,3.125,False,0.08333333333333333,0.3333333333333333,0.8333333333333334,0.07843137254901962,0.3484848484848485,1.0416666666666667,0,0,0,0.9460784313725492,3.0050505050505056,7.083333333333334,50.85807843137255,57.688050505050505,66.53733333333334
PART-0063,Cross Member Mount,Bharat Precision Stampings,Pune,Brackets & Mounts,Steel,HSLA340,1.383,18000,118.36,INR,FY26,Mount,2130480.0,85.5820679681851,HSLA340,68,74.5,81,Medium,IndiaMART,94.044,103.0335,112.023,All are generally structural/form-formed components and likely have meaningful forming/conversion effort,Structural Formed Components,0.35,1.75,6,12,20,0.29411764705882354,0.9090909090909092,2.0833333333333335,0.4901960784313726,1.4141414141414144,3.125,False,0.2777777777777778,1.1111111111111112,2.7777777777777777,0.07843137254901962,0.3484848484848485,1.0416666666666667,0,0,0,1.1405228758169936,3.7828282828282833,9.027777777777779,95.184522875817,106.81632828282828,121.05077777777777
PART-0064,Clip Retainer Plate,Om Precision Tools,Chakan,Plate,Steel,cr3,1.223,60000,94.32,INR,FY26,Plate,5659200.0,77.12183156173343,CR-3,62,69.5,77,Medium,IndiaMART,75.82600000000001,84.9985,94.171,Keep separate because plates are generally simpler blanking/cutting/forming components,Plates,0.2,1.0,3,5,8,0.14705882352941177,0.37878787878787884,0.8333333333333334,0.2450980392156863,0.5892255892255892,1.25,False,0.08333333333333333,0.3333333333333333,0.8333333333333334,0.03921568627450981,0.1452020202020202,0.41666666666666674,0,0,0,0.5147058823529412,1.4465488215488214,3.333333333333334,76.34070588235295,86.44504882154882,97.50433333333334
PART-0099,Rear Quarter Panel,Om Precision Tools,Chakan,Body Panels,Steel,HSLA340,2.208,60000,159.6,INR,FY26,Panel,9576000.0,72.28260869565217,HSLA340,68,74.5,81,Medium,IndiaMART,150.144,164.496,178.848,Seperate Category because panel forming can have substantially different characteristics,Body Panels,0.3,1.5,6,10,15,0.29411764705882354,0.7575757575757577,1.5625,0.4901960784313726,1.1784511784511784,2.34375,False,0.08333333333333333,0.3333333333333333,0.8333333333333334,0.07843137254901962,0.2904040404040404,0.78125,0,0,0,0.9460784313725492,2.5597643097643097,5.520833333333333,151.09007843137255,167.05576430976433,184.36883333333336
PART-0031,Roof Rail Reinforcement,Vindhya Metal Works,Chakan,Rail,Steel,if steel,2.302,90000,135.13,INR,FY26,Rail,12161700.0,58.701129452649866,IF Steel,60,66.0,72,Medium,IndiaMART,138.12,151.93200000000002,165.744,All are generally structural/form-formed components and likely have meaningful forming/conversion effort,Structural Formed Components,0.35,1.75,6,12,20,0.29411764705882354,0.9090909090909092,2.0833333333333335,0.4901960784313726,1.4141414141414144,3.125,False,0.05555555555555555,0.2222222222222222,0.5555555555555556,0.07843137254901962,0.3484848484848485,1.0416666666666667,0,0,0,0.9183006535947714,2.8939393939393945,6.805555555555556,139.03830065359477,154.82593939393942,172.54955555555554
PART-0107,Roof Rail Reinforcement,Bharat Precision Stampings,Chennai,Rail,Steel,if steel,0.497,5000,69.03,INR,FY26,Rail,345150.0,138.89336016096578,IF Steel,60,66.0,72,Medium,IndiaMART,29.82,32.802,35.784,All are generally structural/form-formed components and likely have meaningful forming/conversion effort,Structural Formed Components,0.35,1.75,6,12,20,0.29411764705882354,0.9090909090909092,2.0833333333333335,0.4901960784313726,1.4141414141414144,3.125,False,1.0,4.0,10.0,0.07843137254901962,0.3484848484848485,1.0416666666666667,0,0,0,1.8627450980392157,6.671717171717172,16.25,31.682745098039216,39.47371717171717,52.034
PART-0010,Chassis Mount Bracket,Om Precision Tools,Gurugram,Brackets & Mounts,Steel,DP780,1.704,5000,180.37,INR,FY26,Mount,901850.0,105.85093896713616,DP780,75,81.5,88,Medium,IndiaMART / market benchmark,127.8,138.876,149.952,All are generally structural/form-formed components and likely have meaningful forming/conversion effort,Structural Formed Components,0.35,1.75,6,12,20,0.29411764705882354,0.9090909090909092,2.0833333333333335,0.4901960784313726,1.4141414141414144,3.125,False,1.0,4.0,10.0,0.07843137254901962,0.3484848484848485,1.0416666666666667,0,0,0,1.8627450980392157,6.671717171717172,16.25,129.6627450980392,145.54771717171718,166.202
PART-0014,Fastener Bracket Set,Bharat Precision Stampings,Sanand,Fasteners,Steel,HSLA 340,0.209,36000,52.95,INR,FY26,Bracket,1906200.0,253.34928229665076,HSLA340,68,74.5,81,Medium,IndiaMART,14.212,15.5705,16.929,Both are hardware rather than large sheet-metal structural components,Hardware,0.15,0.75,2,4,6,0.09803921568627451,0.30303030303030304,0.625,0.16339869281045752,0.4713804713804714,0.9375000000000001,False,0.1388888888888889,0.5555555555555556,1.3888888888888888,0.026143790849673207,0.11616161616161616,0.3125,0,0,0,0.42647058823529416,1.4461279461279462,3.263888888888889,14.638470588235293,17.016627946127944,20.192888888888888
PART-0081,Transmission Support Bracket,Shivam Forge Pvt Ltd,Pantnagar,Brackets & Mounts,Steel,DP 600,1.67,24000,140.41,INR,FY26,Bracket,3369840.0,84.07784431137725,DP600,72,77.0,82,Low-Medium,IndiaMART / market benchmark,120.24,128.59,136.94,All are generally structural/form-formed components and likely have meaningful forming/conversion effort,Structural Formed Components,0.35,1.75,6,12,20,0.29411764705882354,0.9090909090909092,2.0833333333333335,0.4901960784313726,1.4141414141414144,3.125,False,0.20833333333333334,0.8333333333333334,2.0833333333333335,0.07843137254901962,0.3484848484848485,1.0416666666666667,0,0,0,1.0710784313725492,3.5050505050505056,8.333333333333334,121.31107843137255,132.09505050505052,145.27333333333334
PART-0037,Chassis Mount Bracket,Kalyani Stamping Co,Pune,Brackets & Mounts,Steel,dp600,0.695,24000,65.17,INR,FY26,Mount,1564080.0,93.76978417266189,DP600,72,77.0,82,Low-Medium,IndiaMART / market benchmark,50.04,53.51499999999999,56.99,All are generally structural/form-formed components and likely have meaningful forming/conversion effort,Structural Formed Components,0.35,1.75,6,12,20,0.29411764705882354,0.9090909090909092,2.0833333333333335,0.4901960784313726,1.4141414141414144,3.125,False,0.20833333333333334,0.8333333333333334,2.0833333333333335,0.07843137254901962,0.3484848484848485,1.0416666666666667,0,0,0,1.0710784313725492,3.5050505050505056,8.333333333333334,51.11107843137255,57.0200505050505,65.32333333333334
PART-0007,Radiator Support Bracket,Vindhya Metal Works,Sanand,Brackets & Mounts,Steel,DP780,1.56,24000,174.95,INR,FY26,Bracket,4198800.0,112.14743589743588,DP780,75,81.5,88,Medium,IndiaMART / market benchmark,117.0,127.14,137.28,All are generally structural/form-formed components and likely have meaningful forming/conversion effort,Structural Formed Components,0.35,1.75,6,12,20,0.29411764705882354,0.9090909090909092,2.0833333333333335,0.4901960784313726,1.4141414141414144,3.125,False,0.20833333333333334,0.8333333333333334,2.0833333333333335,0.07843137254901962,0.3484848484848485,1.0416666666666667,0,0,0,1.0710784313725492,3.5050505050505056,8.333333333333334,118.07107843137256,130.6450505050505,145.61333333333334
PART-0023,Exhaust Hanger Bracket,Anand Sheet Metal Ltd,Pantnagar,Brackets & Mounts,Steel,HSLA 340,2.275,90000,207.39,INR,FY26,Bracket,18665100.0,91.16043956043956,HSLA340,68,74.5,81,Medium,IndiaMART,154.7,169.48749999999998,184.275,All are generally structural/form-formed components and likely have meaningful forming/conversion effort,Structural Formed Components,0.35,1.75,6,12,20,0.29411764705882354,0.9090909090909092,2.0833333333333335,0.4901960784313726,1.4141414141414144,3.125,False,0.05555555555555555,0.2222222222222222,0.5555555555555556,0.07843137254901962,0.3484848484848485,1.0416666666666667,0,0,0,0.9183006535947714,2.8939393939393945,6.805555555555556,155.61830065359476,172.3814393939394,191.08055555555555
PART-0079,Weld Nut Assembly,Ganga Auto Forgings,Pantnagar,Fasteners,Steel,DP 600,1.731,120000,174.47,INR,FY26,Nut,20936400.0,100.79145002888504,DP600,72,77.0,82,Low-Medium,IndiaMART / market benchmark,124.632,133.287,141.942,Both are hardware rather than large sheet-metal structural components,Hardware,0.15,0.75,2,4,6,0.09803921568627451,0.30303030303030304,0.625,0.16339869281045752,0.4713804713804714,0.9375000000000001,True,0.041666666666666664,0.16666666666666666,0.4166666666666667,0.026143790849673207,0.11616161616161616,0.3125,0,50,100,0.32924836601307195,51.05723905723906,102.29166666666667,124.96124836601308,184.34423905723907,244.2336666666667
PART-0039,Roof Rail Reinforcement,Om Precision Tools,Pune,Rail,Steel,hsla340,1.107,5000,108.27,INR,FY26,Rail,541350.0,97.80487804878048,HSLA340,68,74.5,81,Medium,IndiaMART,75.276,82.47149999999999,89.667,All are generally structural/form-formed components and likely have meaningful forming/conversion effort,Structural Formed Components,0.35,1.75,6,12,20,0.29411764705882354,0.9090909090909092,2.0833333333333335,0.4901960784313726,1.4141414141414144,3.125,False,1.0,4.0,10.0,0.07843137254901962,0.3484848484848485,1.0416666666666667,0,0,0,1.8627450980392157,6.671717171717172,16.25,77.13874509803921,89.14321717171717,105.917
PART-0019,Bumper Reinforcement Beam,Vindhya Metal Works,Chakan,Reinforcements,Steel,CR-3,1.592,60000,150.65,INR,FY26,Beam,9039000.0,94.62939698492464,CR-3,62,69.5,77,Medium,IndiaMART,98.704,110.644,122.584,All are generally structural/form-formed components and likely have meaningful forming/conversion effort,Structural Formed Components,0.35,1.75,6,12,20,0.29411764705882354,0.9090909090909092,2.0833333333333335,0.4901960784313726,1.4141414141414144,3.125,False,0.08333333333333333,0.3333333333333333,0.8333333333333334,0.07843137254901962,0.3484848484848485,1.0416666666666667,0,0,0,0.9460784313725492,3.0050505050505056,7.083333333333334,99.65007843137255,113.64905050505051,129.66733333333335
PART-0004,Exhaust Hanger Bracket,Shivam Forge Pvt Ltd,Gurugram,Brackets & Mounts,Steel,hsla340,0.957,90000,112.22,INR,FY26,Bracket,10099800.0,117.26227795193311,HSLA340,68,74.5,81,Medium,IndiaMART,65.076,71.2965,77.517,All are generally structural/form-formed components and likely have meaningful forming/conversion effort,Structural Formed Components,0.35,1.75,6,12,20,0.29411764705882354,0.9090909090909092,2.0833333333333335,0.4901960784313726,1.4141414141414144,3.125,False,0.05555555555555555,0.2222222222222222,0.5555555555555556,0.07843137254901962,0.3484848484848485,1.0416666666666667,0,0,0,0.9183006535947714,2.8939393939393945,6.805555555555556,65.99430065359476,74.19043939393939,84.32255555555555
PART-0047,Cross Member Mount,Anand Sheet Metal Ltd,Chennai,Brackets & Mounts,Steel,hsla340,1.628,18000,115.13,INR,FY26,Mount,2072340.0,70.71867321867322,HSLA340,68,74.5,81,Medium,IndiaMART,110.704,121.286,131.868,All are generally structural/form-formed components and likely have meaningful forming/conversion effort,Structural Formed Components,0.35,1.75,6,12,20,0.29411764705882354,0.9090909090909092,2.0833333333333335,0.4901960784313726,1.4141414141414144,3.125,False,0.2777777777777778,1.1111111111111112,2.7777777777777777,0.07843137254901962,0.3484848484848485,1.0416666666666667,0,0,0,1.1405228758169936,3.7828282828282833,9.027777777777779,111.84452287581699,125.06882828282828,140.89577777777777
PART-0088,Rear Quarter Panel,Om Precision Tools,Gurugram,Body Panels,Steel,if steel,0.259,5000,45.63,INR,FY26,Panel,228150.0,176.17760617760618,IF Steel,60,66.0,72,Medium,IndiaMART,15.54,17.094,18.648,Seperate Category because panel forming can have substantially different characteristics,Body Panels,0.3,1.5,6,10,15,0.29411764705882354,0.7575757575757577,1.5625,0.4901960784313726,1.1784511784511784,2.34375,False,1.0,4.0,10.0,0.07843137254901962,0.2904040404040404,0.78125,0,0,0,1.8627450980392157,6.226430976430977,14.6875,17.402745098039215,23.320430976430977,33.335499999999996
PART-0073,Sill Reinforcement Plate,Shivam Forge Pvt Ltd,Sanand,Plate,Steel,dp780,0.604,24000,60.69,INR,FY26,Plate,1456560.0,100.48013245033113,DP780,75,81.5,88,Medium,IndiaMART / market benchmark,45.3,49.226,53.152,Keep separate because plates are generally simpler blanking/cutting/forming components,Plates,0.2,1.0,3,5,8,0.14705882352941177,0.37878787878787884,0.8333333333333334,0.2450980392156863,0.5892255892255892,1.25,False,0.20833333333333334,0.8333333333333334,2.0833333333333335,0.03921568627450981,0.1452020202020202,0.41666666666666674,0,0,0,0.6397058823529412,1.9465488215488216,4.583333333333334,45.93970588235294,51.17254882154882,57.73533333333334
PART-0083,Fender Panel RH,Kalyani Stamping Co,Sanand,Body Panels,Steel,HSLA340,1.013,24000,114.95,INR,FY26,Panel,2758800.0,113.47482724580456,HSLA340,68,74.5,81,Medium,IndiaMART,68.88399999999999,75.46849999999999,82.053,Seperate Category because panel forming can have substantially different characteristics,Body Panels,0.3,1.5,6,10,15,0.29411764705882354,0.7575757575757577,1.5625,0.4901960784313726,1.1784511784511784,2.34375,False,0.20833333333333334,0.8333333333333334,2.0833333333333335,0.07843137254901962,0.2904040404040404,0.78125,0,0,0,1.0710784313725492,3.0597643097643097,6.770833333333334,69.95507843137254,78.5282643097643,88.82383333333333
PART-0046,Fastener Bracket Set,Kalyani Stamping Co,Pantnagar,Fasteners,Steel,CR-3,2.871,48000,277.46,INR,FY26,Bracket,13318079.999999998,96.64228491814698,CR-3,62,69.5,77,Medium,IndiaMART,178.002,199.5345,221.067,Both are hardware rather than large sheet-metal structural components,Hardware,0.15,0.75,2,4,6,0.09803921568627451,0.30303030303030304,0.625,0.16339869281045752,0.4713804713804714,0.9375000000000001,False,0.10416666666666667,0.4166666666666667,1.0416666666666667,0.026143790849673207,0.11616161616161616,0.3125,0,0,0,0.39174836601307195,1.3072390572390573,2.916666666666667,178.39374836601309,200.84173905723907,223.98366666666666
PART-0100,Weld Nut Assembly,Shivam Forge Pvt Ltd,Chakan,Nut,Steel,if steel,1.072,48000,70.55,INR,FY26,Nut,3386400.0,65.8115671641791,IF Steel,60,66.0,72,Medium,IndiaMART,64.32000000000001,70.75200000000001,77.184,Both are hardware rather than large sheet-metal structural components,Hardware,0.15,0.75,2,4,6,0.09803921568627451,0.30303030303030304,0.625,0.16339869281045752,0.4713804713804714,0.9375000000000001,True,0.10416666666666667,0.4166666666666667,1.0416666666666667,0.026143790849673207,0.11616161616161616,0.3125,0,50,100,0.39174836601307195,51.30723905723906,102.91666666666667,64.71174836601308,122.05923905723907,180.10066666666665
PART-0016,Weld Nut Assembly,Anand Sheet Metal Ltd,Sanand,Fasteners,Steel,cr3,3.091,90000,292.53,INR,FY26,Nut,26327700.0,94.63927531543187,CR-3,62,69.5,77,Medium,IndiaMART,191.642,214.8245,238.007,Both are hardware rather than large sheet-metal structural components,Hardware,0.15,0.75,2,4,6,0.09803921568627451,0.30303030303030304,0.625,0.16339869281045752,0.4713804713804714,0.9375000000000001,True,0.05555555555555555,0.2222222222222222,0.5555555555555556,0.026143790849673207,0.11616161616161616,0.3125,0,50,100,0.3431372549019608,51.112794612794616,102.43055555555556,191.98513725490196,265.93729461279463,340.43755555555555
PART-0043,Clip Retainer Plate,Shivam Forge Pvt Ltd,Chennai,Fasteners,Steel,HSLA340,2.61,12000,159.67,INR,FY26,Plate,1916040.0,61.17624521072797,HSLA340,68,74.5,81,Medium,IndiaMART,177.48,194.445,211.41,Both are hardware rather than large sheet-metal structural components,Hardware,0.15,0.75,2,4,6,0.09803921568627451,0.30303030303030304,0.625,0.16339869281045752,0.4713804713804714,0.9375000000000001,False,0.4166666666666667,1.6666666666666667,4.166666666666667,0.026143790849673207,0.11616161616161616,0.3125,0,0,0,0.704248366013072,2.5572390572390575,6.041666666666667,178.18424836601307,197.00223905723905,217.45166666666665
PART-0008,Floor Panel Inner,Suresh Auto Components,Pune,Body Panels,Steel,HSLA 340,0.967,18000,113.36,INR,FY26,Panel,2040480.0,117.22854188210962,HSLA340,68,74.5,81,Medium,IndiaMART,65.756,72.0415,78.327,Seperate Category because panel forming can have substantially different characteristics,Body Panels,0.3,1.5,6,10,15,0.29411764705882354,0.7575757575757577,1.5625,0.4901960784313726,1.1784511784511784,2.34375,False,0.2777777777777778,1.1111111111111112,2.7777777777777777,0.07843137254901962,0.2904040404040404,0.78125,0,0,0,1.1405228758169936,3.3375420875420874,7.465277777777778,66.896522875817,75.37904208754209,85.79227777777777
PART-0113,Weld Nut Assembly,Suresh Auto Components,Chennai,Brackets & Mounts,Steel,HSLA340,0.734,18000,66.38,INR,FY26,Nut,1194840.0,90.43596730245233,HSLA340,68,74.5,81,Medium,IndiaMART,49.912,54.683,59.454,All are generally structural/form-formed components and likely have meaningful forming/conversion effort,Structural Formed Components,0.35,1.75,6,12,20,0.29411764705882354,0.9090909090909092,2.0833333333333335,0.4901960784313726,1.4141414141414144,3.125,True,0.2777777777777778,1.1111111111111112,2.7777777777777777,0.07843137254901962,0.3484848484848485,1.0416666666666667,0,50,100,1.1405228758169936,53.782828282828284,109.02777777777777,51.05252287581699,108.46582828282828,168.48177777777778
PART-0111,Wheel Arch Panel,Ganga Auto Forgings,Pune,Body Panels,Steel,HSLA340,0.734,18000,66.38,INR,FY26,Panel,1194840.0,90.43596730245233,HSLA340,68,74.5,81,Medium,IndiaMART,49.912,54.683,59.454,Seperate Category because panel forming can have substantially different characteristics,Body Panels,0.3,1.5,6,10,15,0.29411764705882354,0.7575757575757577,1.5625,0.4901960784313726,1.1784511784511784,2.34375,False,0.2777777777777778,1.1111111111111112,2.7777777777777777,0.07843137254901962,0.2904040404040404,0.78125,0,0,0,1.1405228758169936,3.3375420875420874,7.465277777777778,51.05252287581699,58.02054208754209,66.91927777777778
PART-0085,Bumper Reinforcement Beam,Om Precision Tools,Chennai,Reinforcements,Steel,IF Steel,1.12,60000,126.59,INR,FY26,Beam,7595400.0,113.02678571428572,IF Steel,60,66.0,72,Medium,IndiaMART,67.2,73.92,80.64000000000001,All are generally structural/form-formed components and likely have meaningful forming/conversion effort,Structural Formed Components,0.35,1.75,6,12,20,0.29411764705882354,0.9090909090909092,2.0833333333333335,0.4901960784313726,1.4141414141414144,3.125,False,0.08333333333333333,0.3333333333333333,0.8333333333333334,0.07843137254901962,0.3484848484848485,1.0416666666666667,0,0,0,0.9460784313725492,3.0050505050505056,7.083333333333334,68.14607843137256,76.9250505050505,87.72333333333334
PART-0095,B-Pillar Reinforcement,Anand Sheet Metal Ltd,Chakan,Reinforcements,Steel,dp780,0.446,150000,51.87,INR,FY26,Pillar,7780500.0,116.30044843049326,DP780,75,81.5,88,Medium,IndiaMART / market benchmark,33.45,36.349,39.248,All are generally structural/form-formed components and likely have meaningful forming/conversion effort,Structural Formed Components,0.35,1.75,6,12,20,0.29411764705882354,0.9090909090909092,2.0833333333333335,0.4901960784313726,1.4141414141414144,3.125,False,0.03333333333333333,0.13333333333333333,0.3333333333333333,0.07843137254901962,0.3484848484848485,1.0416666666666667,0,0,0,0.8960784313725492,2.8050505050505055,6.583333333333334,34.346078431372554,39.1540505050505,45.83133333333333
PART-0076,Weld Nut Assembly,Anand Sheet Metal Ltd,Sanand,Fasteners,Steel,DP 600,1.585,150000,129.95,INR,FY26,Nut,19492500.0,81.98738170347002,DP600,72,77.0,82,Low-Medium,IndiaMART / market benchmark,114.12,122.045,129.97,Both are hardware rather than large sheet-metal structural components,Hardware,0.15,0.75,2,4,6,0.09803921568627451,0.30303030303030304,0.625,0.16339869281045752,0.4713804713804714,0.9375000000000001,True,0.03333333333333333,0.13333333333333333,0.3333333333333333,0.026143790849673207,0.11616161616161616,0.3125,0,50,100,0.3209150326797386,51.02390572390573,102.20833333333333,114.44091503267974,173.06890572390574,232.17833333333334
PART-0011,Chassis Mount Bracket,Shivam Forge Pvt Ltd,Pantnagar,Brackets & Mounts,Steel,if steel,3.188,90000,231.76,INR,FY26,Mount,20858400.0,72.69761606022584,IF Steel,60,66.0,72,Medium,IndiaMART,191.28,210.408,229.536,All are generally structural/form-formed components and likely have meaningful forming/conversion effort,Structural Formed Components,0.35,1.75,6,12,20,0.29411764705882354,0.9090909090909092,2.0833333333333335,0.4901960784313726,1.4141414141414144,3.125,False,0.05555555555555555,0.2222222222222222,0.5555555555555556,0.07843137254901962,0.3484848484848485,1.0416666666666667,0,0,0,0.9183006535947714,2.8939393939393945,6.805555555555556,192.19830065359477,213.3019393939394,236.34155555555554
PART-0012,Steering Column Bracket,Anand Sheet Metal Ltd,Chakan,Brackets & Mounts,Steel,HSLA340,1.045,12000,114.82,INR,FY26,Bracket,1377840.0,109.8755980861244,HSLA340,68,74.5,81,Medium,IndiaMART,71.06,77.85249999999999,84.645,All are generally structural/form-formed components and likely have meaningful forming/conversion effort,Structural Formed Components,0.35,1.75,6,12,20,0.29411764705882354,0.9090909090909092,2.0833333333333335,0.4901960784313726,1.4141414141414144,3.125,False,0.4166666666666667,1.6666666666666667,4.166666666666667,0.07843137254901962,0.3484848484848485,1.0416666666666667,0,0,0,1.2794117647058825,4.338383838383839,10.416666666666666,72.33941176470589,82.19088383838383,95.06166666666667
PART-0009,Sill Reinforcement Plate,Om Precision Tools,Chakan,Reinforcements,Steel,IF Steel,0.958,18000,105.1,INR,FY26,Plate,1891800.0,109.70772442588726,IF Steel,60,66.0,72,Medium,IndiaMART,57.48,63.228,68.976,All are generally structural/form-formed components and likely have meaningful forming/conversion effort,Structural Formed Components,0.35,1.75,6,12,20,0.29411764705882354,0.9090909090909092,2.0833333333333335,0.4901960784313726,1.4141414141414144,3.125,False,0.2777777777777778,1.1111111111111112,2.7777777777777777,0.07843137254901962,0.3484848484848485,1.0416666666666667,0,0,0,1.1405228758169936,3.7828282828282833,9.027777777777779,58.62052287581699,67.01082828282829,78.00377777777777
PART-0061,Sill Reinforcement Plate,Om Precision Tools,Gurugram,Reinforcements,Steel,DP-600,2.745,12000,221.93,INR,FY26,Plate,2663160.0,80.8488160291439,DP600,72,77.0,82,Low-Medium,IndiaMART / market benchmark,197.64,211.365,225.09,All are generally structural/form-formed components and likely have meaningful forming/conversion effort,Structural Formed Components,0.35,1.75,6,12,20,0.29411764705882354,0.9090909090909092,2.0833333333333335,0.4901960784313726,1.4141414141414144,3.125,False,0.4166666666666667,1.6666666666666667,4.166666666666667,0.07843137254901962,0.3484848484848485,1.0416666666666667,0,0,0,1.2794117647058825,4.338383838383839,10.416666666666666,198.91941176470587,215.70338383838384,235.50666666666666
PART-0020,Fender Panel RH,Om Precision Tools,Pantnagar,Body Panels,Steel,DP600,0.335,36000,37.98,INR,FY26,Panel,1367280.0,113.3731343283582,DP600,72,77.0,82,Low-Medium,IndiaMART / market benchmark,24.12,25.795,27.47,Seperate Category because panel forming can have substantially different characteristics,Body Panels,0.3,1.5,6,10,15,0.29411764705882354,0.7575757575757577,1.5625,0.4901960784313726,1.1784511784511784,2.34375,False,0.1388888888888889,0.5555555555555556,1.3888888888888888,0.07843137254901962,0.2904040404040404,0.78125,0,0,0,1.0016339869281046,2.7819865319865316,6.076388888888889,25.121633986928106,28.576986531986535,33.546388888888885
PART-0048,Fender Panel LH,Kalyani Stamping Co,Sanand,Body Panels,Steel,DP 600,0.61,48000,80.21,INR,FY26,Panel,3850080.0,131.4918032786885,DP600,72,77.0,82,Low-Medium,IndiaMART / market benchmark,43.92,46.97,50.02,Seperate Category because panel forming can have substantially different characteristics,Body Panels,0.3,1.5,6,10,15,0.29411764705882354,0.7575757575757577,1.5625,0.4901960784313726,1.1784511784511784,2.34375,False,0.10416666666666667,0.4166666666666667,1.0416666666666667,0.07843137254901962,0.2904040404040404,0.78125,0,0,0,0.9669117647058825,2.6430976430976427,5.729166666666667,44.886911764705886,49.61309764309764,55.74916666666667
PART-0033,Battery Tray Bracket,Suresh Auto Components,Chakan,Brackets & Mounts,Steel,dp780,0.464,90000,61.15,INR,FY26,Bracket,5503500.0,131.78879310344826,DP780,75,81.5,88,Medium,IndiaMART / market benchmark,34.800000000000004,37.816,40.832,All are generally structural/form-formed components and likely have meaningful forming/conversion effort,Structural Formed Components,0.35,1.75,6,12,20,0.29411764705882354,0.9090909090909092,2.0833333333333335,0.4901960784313726,1.4141414141414144,3.125,False,0.05555555555555555,0.2222222222222222,0.5555555555555556,0.07843137254901962,0.3484848484848485,1.0416666666666667,0,0,0,0.9183006535947714,2.8939393939393945,6.805555555555556,35.718300653594774,40.70993939393939,47.63755555555556
PART-0097,Rear Quarter Panel,Anand Sheet Metal Ltd,Chennai,Body Panels,Steel,HSLA 340,3.101,24000,280.01,INR,FY26,Panel,6720240.0,90.2966784908094,HSLA340,68,74.5,81,Medium,IndiaMART,210.868,231.0245,251.181,Seperate Category because panel forming can have substantially different characteristics,Body Panels,0.3,1.5,6,10,15,0.29411764705882354,0.7575757575757577,1.5625,0.4901960784313726,1.1784511784511784,2.34375,False,0.20833333333333334,0.8333333333333334,2.0833333333333335,0.07843137254901962,0.2904040404040404,0.78125,0,0,0,1.0710784313725492,3.0597643097643097,6.770833333333334,211.93907843137254,234.0842643097643,257.95183333333335
PART-0055,Engine Mount Bracket,Suresh Auto Components,Chennai,Brackets & Mounts,Steel,DP 600,0.878,60000,96.54,INR,FY26,Mount,5792400.0,109.95444191343964,DP600,72,77.0,82,Low-Medium,IndiaMART / market benchmark,63.216,67.606,71.996,All are generally structural/form-formed components and likely have meaningful forming/conversion effort,Structural Formed Components,0.35,1.75,6,12,20,0.29411764705882354,0.9090909090909092,2.0833333333333335,0.4901960784313726,1.4141414141414144,3.125,False,0.08333333333333333,0.3333333333333333,0.8333333333333334,0.07843137254901962,0.3484848484848485,1.0416666666666667,0,0,0,0.9460784313725492,3.0050505050505056,7.083333333333334,64.16207843137255,70.6110505050505,79.07933333333332
PART-0041,Bumper Reinforcement Beam,Anand Sheet Metal Ltd,Pantnagar,Reinforcements,Steel,CR3,1.077,18000,103.05,INR,FY26,Beam,1854900.0,95.6824512534819,CR-3,62,69.5,77,Medium,IndiaMART,66.774,74.8515,82.929,All are generally structural/form-formed components and likely have meaningful forming/conversion effort,Structural Formed Components,0.35,1.75,6,12,20,0.29411764705882354,0.9090909090909092,2.0833333333333335,0.4901960784313726,1.4141414141414144,3.125,False,0.2777777777777778,1.1111111111111112,2.7777777777777777,0.07843137254901962,0.3484848484848485,1.0416666666666667,0,0,0,1.1405228758169936,3.7828282828282833,9.027777777777779,67.914522875817,78.63432828282828,91.95677777777777
PART-0101,Engine Mount Bracket,Suresh Auto Components,Sanand,Brackets & Mounts,Steel,DP 780,1.534,150000,172.0,INR,FY26,Mount,25800000.0,112.1251629726206,DP780,75,81.5,88,Medium,IndiaMART / market benchmark,115.05,125.021,134.992,All are generally structural/form-formed components and likely have meaningful forming/conversion effort,Structural Formed Components,0.35,1.75,6,12,20,0.29411764705882354,0.9090909090909092,2.0833333333333335,0.4901960784313726,1.4141414141414144,3.125,False,0.03333333333333333,0.13333333333333333,0.3333333333333333,0.07843137254901962,0.3484848484848485,1.0416666666666667,0,0,0,0.8960784313725492,2.8050505050505055,6.583333333333334,115.94607843137254,127.8260505050505,141.57533333333333
PART-0054,Exhaust Hanger Bracket,Bharat Precision Stampings,Chakan,Brackets & Mounts,Steel,CR3,3.2,36000,212.1,INR,FY26,Bracket,7635600.0,66.28125,CR-3,62,69.5,77,Medium,IndiaMART,198.4,222.4,246.4,All are generally structural/form-formed components and likely have meaningful forming/conversion effort,Structural Formed Components,0.35,1.75,6,12,20,0.29411764705882354,0.9090909090909092,2.0833333333333335,0.4901960784313726,1.4141414141414144,3.125,False,0.1388888888888889,0.5555555555555556,1.3888888888888888,0.07843137254901962,0.3484848484848485,1.0416666666666667,0,0,0,1.0016339869281046,3.2272727272727275,7.63888888888889,199.40163398692812,225.62727272727273,254.0388888888889
PART-0052,Suspension Mount Plate,Bharat Precision Stampings,Pantnagar,Brackets & Mounts,Steel,CR-3,2.172,5000,185.05,INR,FY26,Mount,925250.0,85.19797421731123,CR-3,62,69.5,77,Medium,IndiaMART,134.66400000000002,150.954,167.244,All are generally structural/form-formed components and likely have meaningful forming/conversion effort,Structural Formed Components,0.35,1.75,6,12,20,0.29411764705882354,0.9090909090909092,2.0833333333333335,0.4901960784313726,1.4141414141414144,3.125,False,1.0,4.0,10.0,0.07843137254901962,0.3484848484848485,1.0416666666666667,0,0,0,1.8627450980392157,6.671717171717172,16.25,136.52674509803924,157.62571717171718,183.494
PART-0105,Radiator Support Bracket,Suresh Auto Components,Sanand,Brackets & Mounts,Steel,DP780,1.152,12000,125.56,INR,FY26,Bracket,1506720.0,108.99305555555556,DP780,75,81.5,88,Medium,IndiaMART / market benchmark,86.39999999999999,93.888,101.376,All are generally structural/form-formed components and likely have meaningful forming/conversion effort,Structural Formed Components,0.35,1.75,6,12,20,0.29411764705882354,0.9090909090909092,2.0833333333333335,0.4901960784313726,1.4141414141414144,3.125,False,0.4166666666666667,1.6666666666666667,4.166666666666667,0.07843137254901962,0.3484848484848485,1.0416666666666667,0,0,0,1.2794117647058825,4.338383838383839,10.416666666666666,87.67941176470588,98.22638383838384,111.79266666666668
PART-0044,Exhaust Hanger Bracket,Om Precision Tools,Chakan,Brackets & Mounts,Steel,CR3,2.341,48000,188.59,INR,FY26,Bracket,9052320.0,80.5595899188381,CR-3,62,69.5,77,Medium,IndiaMART,145.14200000000002,162.6995,180.257,All are generally structural/form-formed components and likely have meaningful forming/conversion effort,Structural Formed Components,0.35,1.75,6,12,20,0.29411764705882354,0.9090909090909092,2.0833333333333335,0.4901960784313726,1.4141414141414144,3.125,False,0.10416666666666667,0.4166666666666667,1.0416666666666667,0.07843137254901962,0.3484848484848485,1.0416666666666667,0,0,0,0.9669117647058825,3.0883838383838387,7.291666666666668,146.1089117647059,165.78788383838383,187.54866666666666
PART-0053,Battery Tray Bracket,Om Precision Tools,Gurugram,Brackets & Mounts,Steel,DP 780,1.147,48000,114.14,INR,FY26,Bracket,5478720.0,99.51176983435047,DP780,75,81.5,88,Medium,IndiaMART / market benchmark,86.025,93.4805,100.936,All are generally structural/form-formed components and likely have meaningful forming/conversion effort,Structural Formed Components,0.35,1.75,6,12,20,0.29411764705882354,0.9090909090909092,2.0833333333333335,0.4901960784313726,1.4141414141414144,3.125,False,0.10416666666666667,0.4166666666666667,1.0416666666666667,0.07843137254901962,0.3484848484848485,1.0416666666666667,0,0,0,0.9669117647058825,3.0883838383838387,7.291666666666668,86.99191176470589,96.56888383838384,108.22766666666668
PART-0030,Roof Rail Reinforcement,Suresh Auto Components,Chakan,Rail,Steel,hsla340,1.64,12000,165.84,INR,FY26,Rail,1990080.0,101.1219512195122,HSLA340,68,74.5,81,Medium,IndiaMART,111.52,122.18,132.84,All are generally structural/form-formed components and likely have meaningful forming/conversion effort,Structural Formed Components,0.35,1.75,6,12,20,0.29411764705882354,0.9090909090909092,2.0833333333333335,0.4901960784313726,1.4141414141414144,3.125,False,0.4166666666666667,1.6666666666666667,4.166666666666667,0.07843137254901962,0.3484848484848485,1.0416666666666667,0,0,0,1.2794117647058825,4.338383838383839,10.416666666666666,112.79941176470588,126.51838383838384,143.25666666666666
PART-0058,Weld Nut Assembly,Bharat Precision Stampings,Gurugram,Fasteners,Steel,cr3,2.168,5000,180.06,INR,FY26,Nut,900300.0,83.05350553505535,CR-3,62,69.5,77,Medium,IndiaMART,134.416,150.67600000000002,166.936,Both are hardware rather than large sheet-metal structural components,Hardware,0.15,0.75,2,4,6,0.09803921568627451,0.30303030303030304,0.625,0.16339869281045752,0.4713804713804714,0.9375000000000001,True,1.0,4.0,10.0,0.026143790849673207,0.11616161616161616,0.3125,0,50,100,1.287581699346405,54.89057239057239,111.875,135.70358169934642,205.5665723905724,278.81100000000004
PART-0102,Fastener Bracket Set,Vindhya Metal Works,Pantnagar,Fasteners,Steel,DP-600,2.028,24000,132.16,INR,FY26,Bracket,3171840.0,65.16765285996055,DP600,72,77.0,82,Low-Medium,IndiaMART / market benchmark,146.016,156.156,166.296,Both are hardware rather than large sheet-metal structural components,Hardware,0.15,0.75,2,4,6,0.09803921568627451,0.30303030303030304,0.625,0.16339869281045752,0.4713804713804714,0.9375000000000001,False,0.20833333333333334,0.8333333333333334,2.0833333333333335,0.026143790849673207,0.11616161616161616,0.3125,0,0,0,0.4959150326797386,1.7239057239057238,3.9583333333333335,146.51191503267972,157.87990572390572,170.25433333333334
PART-0028,Floor Panel Inner,Suresh Auto Components,Gurugram,Body Panels,Steel,HSLA340,1.486,90000,149.96,INR,FY26,Panel,13496400.0,100.91520861372814,HSLA340,68,74.5,81,Medium,IndiaMART,101.048,110.707,120.366,Seperate Category because panel forming can have substantially different characteristics,Body Panels,0.3,1.5,6,10,15,0.29411764705882354,0.7575757575757577,1.5625,0.4901960784313726,1.1784511784511784,2.34375,False,0.05555555555555555,0.2222222222222222,0.5555555555555556,0.07843137254901962,0.2904040404040404,0.78125,0,0,0,0.9183006535947714,2.4486531986531985,5.243055555555555,101.96630065359477,113.1556531986532,125.60905555555556
PART-0093,Wheel Arch Panel,Om Precision Tools,Pantnagar,Body Panels,Steel,DP 600,1.313,36000,142.15,INR,FY26,Panel,5117400.0,108.26351865955829,DP600,72,77.0,82,Low-Medium,IndiaMART / market benchmark,94.536,101.101,107.666,Seperate Category because panel forming can have substantially different characteristics,Body Panels,0.3,1.5,6,10,15,0.29411764705882354,0.7575757575757577,1.5625,0.4901960784313726,1.1784511784511784,2.34375,False,0.1388888888888889,0.5555555555555556,1.3888888888888888,0.07843137254901962,0.2904040404040404,0.78125,0,0,0,1.0016339869281046,2.7819865319865316,6.076388888888889,95.5376339869281,103.88298653198653,113.74238888888888
PART-0210,Rear Quarter Panel,Anand Sheet Metal Ltd,Sanand,Body Panels,Steel,IF Steel,2.4,0,610.0,INR,FY26,Panel,0.0,254.16666666666669,IF Steel,60,66.0,72,Medium,IndiaMART,144.0,158.4,172.79999999999998,Seperate Category because panel forming can have substantially different characteristics,Body Panels,0.3,1.5,6,10,15,0.29411764705882354,0.7575757575757577,1.5625,0.4901960784313726,1.1784511784511784,2.34375,False,5000.0,20000.0,50000.0,0.07843137254901962,0.2904040404040404,0.78125,0,0,0,5000.862745098039,20002.22643097643,50004.6875,5144.862745098039,20160.62643097643,50177.4875
PART-0098,B-Pillar Reinforcement,Om Precision Tools,Sanand,Reinforcements,Steel,HSLA340,2.562,48000,216.82,INR,FY26,Pillar,10407360.0,84.62919594067135,HSLA340,68,74.5,81,Medium,IndiaMART,174.21599999999998,190.869,207.522,All are generally structural/form-formed components and likely have meaningful forming/conversion effort,Structural Formed Components,0.35,1.75,6,12,20,0.29411764705882354,0.9090909090909092,2.0833333333333335,0.4901960784313726,1.4141414141414144,3.125,False,0.10416666666666667,0.4166666666666667,1.0416666666666667,0.07843137254901962,0.3484848484848485,1.0416666666666667,0,0,0,0.9669117647058825,3.0883838383838387,7.291666666666668,175.18291176470586,193.95738383838383,214.81366666666665
PART-0084,Sill Reinforcement Plate,Ganga Auto Forgings,Gurugram,Plate,Steel,hsla340,2.477,48000,197.61,INR,FY26,Plate,9485280.0,79.77795720629796,HSLA340,68,74.5,81,Medium,IndiaMART,168.43599999999998,184.5365,200.637,Keep separate because plates are generally simpler blanking/cutting/forming components,Plates,0.2,1.0,3,5,8,0.14705882352941177,0.37878787878787884,0.8333333333333334,0.2450980392156863,0.5892255892255892,1.25,False,0.10416666666666667,0.4166666666666667,1.0416666666666667,0.03921568627450981,0.1452020202020202,0.41666666666666674,0,0,0,0.5355392156862746,1.5298821548821548,3.541666666666667,168.97153921568625,186.06638215488215,204.17866666666666
PART-0015,Transmission Support Bracket,Shivam Forge Pvt Ltd,Pune,Brackets & Mounts,Steel,IF Steel,3.133,90000,277.78,INR,FY26,Bracket,25000200.0,88.66262368337057,IF Steel,60,66.0,72,Medium,IndiaMART,187.98,206.778,225.576,All are generally structural/form-formed components and likely have meaningful forming/conversion effort,Structural Formed Components,0.35,1.75,6,12,20,0.29411764705882354,0.9090909090909092,2.0833333333333335,0.4901960784313726,1.4141414141414144,3.125,False,0.05555555555555555,0.2222222222222222,0.5555555555555556,0.07843137254901962,0.3484848484848485,1.0416666666666667,0,0,0,0.9183006535947714,2.8939393939393945,6.805555555555556,188.89830065359476,209.6719393939394,232.38155555555554
PART-0090,Fender Panel LH,Kalyani Stamping Co,Pantnagar,Body Panels,Steel,DP780,1.77,120000,156.92,INR,FY26,Panel,18830400.0,88.65536723163841,DP780,75,81.5,88,Medium,IndiaMART / market benchmark,132.75,144.255,155.76,Seperate Category because panel forming can have substantially different characteristics,Body Panels,0.3,1.5,6,10,15,0.29411764705882354,0.7575757575757577,1.5625,0.4901960784313726,1.1784511784511784,2.34375,False,0.041666666666666664,0.16666666666666666,0.4166666666666667,0.07843137254901962,0.2904040404040404,0.78125,0,0,0,0.9044117647058825,2.3930976430976427,5.104166666666667,133.65441176470588,146.64809764309763,160.86416666666665
PART-0013,Rear Quarter Panel,Vindhya Metal Works,Sanand,Body Panels,Steel,dp600,2.717,90000,225.97,INR,FY26,Panel,20337300.0,83.16893632683106,DP600,72,77.0,82,Low-Medium,IndiaMART / market benchmark,195.624,209.209,222.794,Seperate Category because panel forming can have substantially different characteristics,Body Panels,0.3,1.5,6,10,15,0.29411764705882354,0.7575757575757577,1.5625,0.4901960784313726,1.1784511784511784,2.34375,False,0.05555555555555555,0.2222222222222222,0.5555555555555556,0.07843137254901962,0.2904040404040404,0.78125,0,0,0,0.9183006535947714,2.4486531986531985,5.243055555555555,196.54230065359476,211.6576531986532,228.03705555555555
PART-0056,Fender Panel LH,Vindhya Metal Works,Sanand,Body Panels,Steel,CR-3,2.341,12000,227.87,INR,FY26,Panel,2734440.0,97.33874412644168,CR-3,62,69.5,77,Medium,IndiaMART,145.14200000000002,162.6995,180.257,Seperate Category because panel forming can have substantially different characteristics,Body Panels,0.3,1.5,6,10,15,0.29411764705882354,0.7575757575757577,1.5625,0.4901960784313726,1.1784511784511784,2.34375,False,0.4166666666666667,1.6666666666666667,4.166666666666667,0.07843137254901962,0.2904040404040404,0.78125,0,0,0,1.2794117647058825,3.893097643097643,8.854166666666668,146.4214117647059,166.59259764309763,189.11116666666666
PART-0078,Cross Member Mount,Om Precision Tools,Sanand,Brackets & Mounts,Steel,DP-600,0.419,24000,67.42,INR,FY26,Mount,1618080.0,160.90692124105013,DP600,72,77.0,82,Low-Medium,IndiaMART / market benchmark,30.168,32.263,34.358,All are generally structural/form-formed components and likely have meaningful forming/conversion effort,Structural Formed Components,0.35,1.75,6,12,20,0.29411764705882354,0.9090909090909092,2.0833333333333335,0.4901960784313726,1.4141414141414144,3.125,False,0.20833333333333334,0.8333333333333334,2.0833333333333335,0.07843137254901962,0.3484848484848485,1.0416666666666667,0,0,0,1.0710784313725492,3.5050505050505056,8.333333333333334,31.239078431372548,35.7680505050505,42.69133333333333
PART-0065,Floor Panel Inner,Vindhya Metal Works,Chennai,Body Panels,Steel,dp780,1.627,120000,176.4,INR,FY26,Panel,21168000.0,108.420405654579,DP780,75,81.5,88,Medium,IndiaMART / market benchmark,122.025,132.6005,143.176,Seperate Category because panel forming can have substantially different characteristics,Body Panels,0.3,1.5,6,10,15,0.29411764705882354,0.7575757575757577,1.5625,0.4901960784313726,1.1784511784511784,2.34375,False,0.041666666666666664,0.16666666666666666,0.4166666666666667,0.07843137254901962,0.2904040404040404,0.78125,0,0,0,0.9044117647058825,2.3930976430976427,5.104166666666667,122.92941176470589,134.99359764309764,148.28016666666664
PART-0059,Suspension Mount Plate,Om Precision Tools,Gurugram,Brackets & Mounts,Steel,if steel,0.617,12000,90.84,INR,FY26,Mount,1090080.0,147.22852512155592,IF Steel,60,66.0,72,Medium,IndiaMART,37.02,40.722,44.424,All are generally structural/form-formed components and likely have meaningful forming/conversion effort,Structural Formed Components,0.35,1.75,6,12,20,0.29411764705882354,0.9090909090909092,2.0833333333333335,0.4901960784313726,1.4141414141414144,3.125,False,0.4166666666666667,1.6666666666666667,4.166666666666667,0.07843137254901962,0.3484848484848485,1.0416666666666667,0,0,0,1.2794117647058825,4.338383838383839,10.416666666666666,38.29941176470589,45.06038383838384,54.840666666666664
PART-0038,Fender Panel RH,Shivam Forge Pvt Ltd,Pantnagar,Body Panels,Steel,CR3,0.927,48000,88.44,INR,FY26,Panel,4245120.0,95.40453074433655,CR-3,62,69.5,77,Medium,IndiaMART,57.474,64.4265,71.379,Seperate Category because panel forming can have substantially different characteristics,Body Panels,0.3,1.5,6,10,15,0.29411764705882354,0.7575757575757577,1.5625,0.4901960784313726,1.1784511784511784,2.34375,False,0.10416666666666667,0.4166666666666667,1.0416666666666667,0.07843137254901962,0.2904040404040404,0.78125,0,0,0,0.9669117647058825,2.6430976430976427,5.729166666666667,58.44091176470588,67.06959764309765,77.10816666666668
PART-0068,Suspension Mount Plate,Shivam Forge Pvt Ltd,Pantnagar,Brackets & Mounts,Steel,IF Steel,1.91,150000,119.37,INR,FY26,Mount,17905500.0,62.49738219895288,IF Steel,60,66.0,72,Medium,IndiaMART,114.6,126.06,137.51999999999998,All are generally structural/form-formed components and likely have meaningful forming/conversion effort,Structural Formed Components,0.35,1.75,6,12,20,0.29411764705882354,0.9090909090909092,2.0833333333333335,0.4901960784313726,1.4141414141414144,3.125,False,0.03333333333333333,0.13333333333333333,0.3333333333333333,0.07843137254901962,0.3484848484848485,1.0416666666666667,0,0,0,0.8960784313725492,2.8050505050505055,6.583333333333334,115.49607843137254,128.8650505050505,144.10333333333332
PART-0077,Chassis Mount Bracket,Ganga Auto Forgings,Pune,Brackets & Mounts,Steel,IF steel,1.395,36000,149.14,INR,FY26,Mount,5369039.999999999,106.91039426523297,IF Steel,60,66.0,72,Medium,IndiaMART,83.7,92.07,100.44,All are generally structural/form-formed components and likely have meaningful forming/conversion effort,Structural Formed Components,0.35,1.75,6,12,20,0.29411764705882354,0.9090909090909092,2.0833333333333335,0.4901960784313726,1.4141414141414144,3.125,False,0.1388888888888889,0.5555555555555556,1.3888888888888888,0.07843137254901962,0.3484848484848485,1.0416666666666667,0,0,0,1.0016339869281046,3.2272727272727275,7.63888888888889,84.7016339869281,95.29727272727273,108.07888888888888
PART-0049,Rear Quarter Panel,Ganga Auto Forgings,Pantnagar,Body Panels,Steel,DP 600,2.69,48000,270.75,INR,FY26,Panel,12996000.0,100.65055762081784,DP600,72,77.0,82,Low-Medium,IndiaMART / market benchmark,193.68,207.13,220.58,Seperate Category because panel forming can have substantially different characteristics,Body Panels,0.3,1.5,6,10,15,0.29411764705882354,0.7575757575757577,1.5625,0.4901960784313726,1.1784511784511784,2.34375,False,0.10416666666666667,0.4166666666666667,1.0416666666666667,0.07843137254901962,0.2904040404040404,0.78125,0,0,0,0.9669117647058825,2.6430976430976427,5.729166666666667,194.6469117647059,209.77309764309763,226.30916666666667
PART-0042,Cross Member Mount,Ganga Auto Forgings,Chakan,Brackets & Mounts,Steel,dp780,1.593,12000,144.53,INR,FY26,Mount,1734360.0,90.7281858129316,DP780,75,81.5,88,Medium,IndiaMART / market benchmark,119.475,129.8295,140.184,All are generally structural/form-formed components and likely have meaningful forming/conversion effort,Structural Formed Components,0.35,1.75,6,12,20,0.29411764705882354,0.9090909090909092,2.0833333333333335,0.4901960784313726,1.4141414141414144,3.125,False,0.4166666666666667,1.6666666666666667,4.166666666666667,0.07843137254901962,0.3484848484848485,1.0416666666666667,0,0,0,1.2794117647058825,4.338383838383839,10.416666666666666,120.75441176470588,134.16788383838383,150.60066666666665
PART-0092,Cross Member Mount,Vindhya Metal Works,Pune,Brackets & Mounts,Steel,IF steel,3.162,24000,274.57,INR,FY26,Mount,6589680.0,86.83428209993674,IF Steel,60,66.0,72,Medium,IndiaMART,189.72,208.692,227.664,All are generally structural/form-formed components and likely have meaningful forming/conversion effort,Structural Formed Components,0.35,1.75,6,12,20,0.29411764705882354,0.9090909090909092,2.0833333333333335,0.4901960784313726,1.4141414141414144,3.125,False,0.20833333333333334,0.8333333333333334,2.0833333333333335,0.07843137254901962,0.3484848484848485,1.0416666666666667,0,0,0,1.0710784313725492,3.5050505050505056,8.333333333333334,190.79107843137254,212.19705050505053,235.99733333333333
PART-0071,Transmission Support Bracket,Suresh Auto Components,Chennai,Brackets & Mounts,Steel,CR3,0.627,48000,71.57,INR,FY26,Bracket,3435359.9999999995,114.14673046251993,CR-3,62,69.5,77,Medium,IndiaMART,38.874,43.5765,48.279,All are generally structural/form-formed components and likely have meaningful forming/conversion effort,Structural Formed Components,0.35,1.75,6,12,20,0.29411764705882354,0.9090909090909092,2.0833333333333335,0.4901960784313726,1.4141414141414144,3.125,False,0.10416666666666667,0.4166666666666667,1.0416666666666667,0.07843137254901962,0.3484848484848485,1.0416666666666667,0,0,0,0.9669117647058825,3.0883838383838387,7.291666666666668,39.840911764705886,46.664883838383844,55.57066666666667
PART-0075,Radiator Support Bracket,Bharat Precision Stampings,Pantnagar,Brackets & Mounts,Steel,hsla340,0.914,5000,87.24,INR,FY26,Bracket,436200.0,95.44857768052516,HSLA340,68,74.5,81,Medium,IndiaMART,62.152,68.093,74.034,All are generally structural/form-formed components and likely have meaningful forming/conversion effort,Structural Formed Components,0.35,1.75,6,12,20,0.29411764705882354,0.9090909090909092,2.0833333333333335,0.4901960784313726,1.4141414141414144,3.125,False,1.0,4.0,10.0,0.07843137254901962,0.3484848484848485,1.0416666666666667,0,0,0,1.8627450980392157,6.671717171717172,16.25,64.01474509803921,74.76471717171718,90.284
PART-0082,Suspension Mount Plate,Ganga Auto Forgings,Sanand,Brackets & Mounts,Steel,DP 780,0.731,120000,90.84,INR,FY26,Mount,10900800.0,124.26812585499316,DP780,75,81.5,88,Medium,IndiaMART / market benchmark,54.825,59.5765,64.328,All are generally structural/form-formed components and likely have meaningful forming/conversion effort,Structural Formed Components,0.35,1.75,6,12,20,0.29411764705882354,0.9090909090909092,2.0833333333333335,0.4901960784313726,1.4141414141414144,3.125,False,0.041666666666666664,0.16666666666666666,0.4166666666666667,0.07843137254901962,0.3484848484848485,1.0416666666666667,0,0,0,0.9044117647058825,2.8383838383838387,6.666666666666668,55.72941176470589,62.414883838383844,70.99466666666667
PART-0080,Roof Rail Reinforcement,Vindhya Metal Works,Gurugram,Rail,Steel,if steel,1.628,24000,151.64,INR,FY26,Rail,3639360.0,93.14496314496314,IF Steel,60,66.0,72,Medium,IndiaMART,97.68,107.448,117.216,All are generally structural/form-formed components and likely have meaningful forming/conversion effort,Structural Formed Components,0.35,1.75,6,12,20,0.29411764705882354,0.9090909090909092,2.0833333333333335,0.4901960784313726,1.4141414141414144,3.125,False,0.20833333333333334,0.8333333333333334,2.0833333333333335,0.07843137254901962,0.3484848484848485,1.0416666666666667,0,0,0,1.0710784313725492,3.5050505050505056,8.333333333333334,98.75107843137256,110.9530505050505,125.54933333333332
PART-0036,Wheel Arch Panel,Suresh Auto Components,Pune,Body Panels,Steel,DP 780,1.151,5000,122.59,INR,FY26,Panel,612950.0,106.50738488271068,DP780,75,81.5,88,Medium,IndiaMART / market benchmark,86.325,93.8065,101.288,Seperate Category because panel forming can have substantially different characteristics,Body Panels,0.3,1.5,6,10,15,0.29411764705882354,0.7575757575757577,1.5625,0.4901960784313726,1.1784511784511784,2.34375,False,1.0,4.0,10.0,0.07843137254901962,0.2904040404040404,0.78125,0,0,0,1.8627450980392157,6.226430976430977,14.6875,88.18774509803922,100.03293097643098,115.9755
PART-0017,Chassis Mount Bracket,Kalyani Stamping Co,Pantnagar,Brackets & Mounts,Steel,cr3,0.519,18000,35.61,INR,FY26,Mount,640980.0,68.61271676300578,CR-3,62,69.5,77,Medium,IndiaMART,32.178000000000004,36.0705,39.963,All are generally structural/form-formed components and likely have meaningful forming/conversion effort,Structural Formed Components,0.35,1.75,6,12,20,0.29411764705882354,0.9090909090909092,2.0833333333333335,0.4901960784313726,1.4141414141414144,3.125,False,0.2777777777777778,1.1111111111111112,2.7777777777777777,0.07843137254901962,0.3484848484848485,1.0416666666666667,0,0,0,1.1405228758169936,3.7828282828282833,9.027777777777779,33.318522875816996,39.853328282828286,48.99077777777778
